Protocollo;Gruppo;DataOraIncidente;Localizzazione1;STRADA1;Localizzazione2;STRADA2;Strada02;Chilometrica;DaSpecificare;NaturaIncidente;particolaritastrade;TipoStrada;FondoStradale;Pavimentazione;Segnaletica;CondizioneAtmosferica;Traffico;Visibilita;Illuminazione;NUM_FERITI;NUM_RISERVATA;NUM_MORTI;NUM_ILLESI;Longitudine;Latitudine;Confermato;Progressivo;TipoVeicolo;StatoVeicolo;TipoPersona;Sesso;Tipolesione;Deceduto;DecedutoDopo;CinturaCascoUtilizzato;Airbag
3417209;18;03/08/2017 08:10;Strada Urbana;VIA AURELIA;in corrispondenza;;del civico n.;430;;Scontro laterale fra veicoli in marcia;Rettilineo;Una carreggiata a senso unico di marcia;Asciutto;Asfaltata;Verticale ed orizzontale;Sereno;Intenso;Buona;Ore Diurne;0;0;0;3;12,42696;41,89876;-1;1;Autovettura privata;In marcia / fermata / arresto;Passeggero;F;Illeso;0;;Non accertato;Inesploso
3417209;18;03/08/2017 08:10;Strada Urbana;VIA AURELIA;in corrispondenza;;del civico n.;430;;Scontro laterale fra veicoli in marcia;Rettilineo;Una carreggiata a senso unico di marcia;Asciutto;Asfaltata;Verticale ed orizzontale;Sereno;Intenso;Buona;Ore Diurne;0;0;0;3;12,42696;41,89876;-1;2;Autocarro superiore 35 q.;In marcia / fermata / arresto;Conducente;M;Illeso;0;;Non accertato;Inesploso
3417210;20;02/08/2017 15:00;Strada Urbana;CORSO DI FRANCIA;in corrispondenza;;del civico n.;237;;Scontro laterale fra veicoli in marcia;Rettilineo;Più di due carreggiate;Asciutto;Asfaltata;Orizzontale;Sereno;Normale;Buona;Ore Diurne;1;0;0;2;12,46901;41,94576;-1;1;Autovettura privata;In marcia / fermata / arresto;Conducente;M;Illeso;0;;;
3417210;20;02/08/2017 15:00;Strada Urbana;CORSO DI FRANCIA;in corrispondenza;;del civico n.;237;;Scontro laterale fra veicoli in marcia;Rettilineo;Più di due carreggiate;Asciutto;Asfaltata;Orizzontale;Sereno;Normale;Buona;Ore Diurne;1;0;0;2;12,46901;41,94576;-1;1;Autovettura privata;In marcia / fermata / arresto;Passeggero;F;Illeso;0;;;
3417210;20;02/08/2017 15:00;Strada Urbana;CORSO DI FRANCIA;in corrispondenza;;del civico n.;237;;Scontro laterale fra veicoli in marcia;Rettilineo;Più di due carreggiate;Asciutto;Asfaltata;Orizzontale;Sereno;Normale;Buona;Ore Diurne;1;0;0;2;12,46901;41,94576;-1;2;Autovettura privata;In marcia / fermata / arresto;Conducente;F;Rimandato;0;NON DECEDUTO;;
3417214;5;03/08/2017 00:30;Strada Urbana;VIA TIBURTINA;all'intersezione semaforizzata con;VIA DEL CASALE BONANNI;VIA DEL CASALE BONANNI;;;Scontro frontale/laterale DX fra veicoli in marcia;Intersezione semaforizzata;Due carreggiate;Sdrucciolevole (fango);Asfaltata;Verticale ed orizzontale;Sereno;Normale;Sufficiente;Sufficiente;0;0;0;2;12,61441;41,93634;-1;1;Autocarro inferiore 35 q.;In marcia / fermata / arresto;Conducente;M;Illeso;0;;Non accertato;Inesploso
3417214;5;03/08/2017 00:30;Strada Urbana;VIA TIBURTINA;all'intersezione semaforizzata con;VIA DEL CASALE BONANNI;VIA DEL CASALE BONANNI;;;Scontro frontale/laterale DX fra veicoli in marcia;Intersezione semaforizzata;Due carreggiate;Sdrucciolevole (fango);Asfaltata;Verticale ed orizzontale;Sereno;Normale;Sufficiente;Sufficiente;0;0;0;2;12,61441;41,93634;-1;2;Autovettura privata;In marcia / fermata / arresto;Conducente;M;Illeso;0;;Non accertato;Esploso
3417222;17;01/08/2017 17:45;Strada Urbana;VIA MARCANTONIO COLONNA;all'intersezione con;VIA DEGLI SCIPIONI;VIA DEGLI SCIPIONI;;;Scontro frontale/laterale SX fra veicoli in marcia;Incrocio;Una carreggiata a doppio senso;Asciutto;Asfaltata;Verticale ed orizzontale;Sereno;Normale;Buona;Ore Diurne;0;0;0;2;12,46696;41,91;-1;1;Autovettura privata;In marcia / fermata / arresto;Conducente;M;Illeso;0;;;
3417222;17;01/08/2017 17:45;Strada Urbana;VIA MARCANTONIO COLONNA;all'intersezione con;VIA DEGLI SCIPIONI;VIA DEGLI SCIPIONI;;;Scontro frontale/laterale SX fra veicoli in marcia;Incrocio;Una carreggiata a doppio senso;Asciutto;Asfaltata;Verticale ed orizzontale;Sereno;Normale;Buona;Ore Diurne;0;0;0;2;12,46696;41,91;-1;2;Autovettura privata;In marcia / fermata / arresto;Conducente;M;Illeso;0;;;
3417297;2;03/08/2017 09:00;Strada Urbana;VIALE SOMALIA;all'intersezione con;VIA ANTONIO VIVALDI;VIA ANTONIO VIVALDI;;;Scontro frontale/laterale SX fra veicoli in marcia;Incrocio;Una carreggiata a doppio senso;Asciutto;Asfaltata;Verticale ed orizzontale;Sereno;Normale;Buona;Ore Diurne;1;0;0;1;12,51205;41,93544;-1;1;Autovettura privata;In marcia / fermata / arresto;Conducente;F;Illeso;0;;;
3417297;2;03/08/2017 09:00;Strada Urbana;VIALE SOMALIA;all'intersezione con;VIA ANTONIO VIVALDI;VIA ANTONIO VIVALDI;;;Scontro frontale/laterale SX fra veicoli in marcia;Incrocio;Una carreggiata a doppio senso;Asciutto;Asfaltata;Verticale ed orizzontale;Sereno;Normale;Buona;Ore Diurne;1;0;0;1;12,51205;41,93544;-1;2;Motociclo a solo;In marcia / fermata / arresto;Conducente;M;Rimandato;0;NON DECEDUTO;;
3417301;2;01/08/2017 13:40;Strada Urbana;CIRCONVALLAZIONE SALARIA;da specificare;;;;pross. svinc. V.le  Somalia dir. Stadio;Scontro frontale fra veicoli in marcia;Rettilineo;Due carreggiate;Asciutto;Asfaltata;Verticale ed orizzontale;Sereno;Normale;Buona;Ore Diurne;0;0;0;1;12,52075;41,93519;-1;1;Autovettura privata;In marcia / fermata / arresto;Conducente;F;Illeso;0;;;
3417302;2;02/08/2017 09:45;Strada Urbana;VIA DI TRASONE;all'intersezione con;VIA DEI GIORDANI;VIA DEI GIORDANI;;;Scontro frontale/laterale DX fra veicoli in marcia;Intersezione stradale segnalata;Una carreggiata a senso unico di marcia;Asciutto;Asfaltata;Verticale;Sereno;Scarso;Buona;Ore Diurne;0;0;0;2;12,51147;41,92968;-1;1;Autovettura privata;In marcia / fermata / arresto;Conducente;F;Illeso;0;;Non accertato;Inesploso
3417302;2;02/08/2017 09:45;Strada Urbana;VIA DI TRASONE;all'intersezione con;VIA DEI GIORDANI;VIA DEI GIORDANI;;;Scontro frontale/laterale DX fra veicoli in marcia;Intersezione stradale segnalata;Una carreggiata a senso unico di marcia;Asciutto;Asfaltata;Verticale;Sereno;Scarso;Buona;Ore Diurne;0;0;0;2;12,51147;41,92968;-1;2;Autovettura privata;In marcia / fermata / arresto;Conducente;M;Illeso;0;;Non accertato;Inesploso
3417304;2;02/08/2017 19:40;Strada Urbana;VIA DELLE VIGNE NUOVE;all'intersezione con;VIA MONTE RESEGONE;VIA MONTE RESEGONE;;;Scontro frontale/laterale DX fra veicoli in marcia;Incrocio;Una carreggiata a doppio senso;Asciutto;Asfaltata;Verticale ed orizzontale;Sereno;Normale;Buona;Ore Diurne;0;0;0;2;12,53635;41,95198;-1;1;Autovettura privata;In marcia / fermata / arresto;Conducente;M;Illeso;0;;Non accertato;Inesploso
3417304;2;02/08/2017 19:40;Strada Urbana;VIA DELLE VIGNE NUOVE;all'intersezione con;VIA MONTE RESEGONE;VIA MONTE RESEGONE;;;Scontro frontale/laterale DX fra veicoli in marcia;Incrocio;Una carreggiata a doppio senso;Asciutto;Asfaltata;Verticale ed orizzontale;Sereno;Normale;Buona;Ore Diurne;0;0;0;2;12,53635;41,95198;-1;2;Autovettura privata;In marcia / fermata / arresto;Conducente;M;Illeso;0;;Non accertato;Inesploso
3417336;17;02/08/2017 01:00;Strada Urbana;VIA MARCANTONIO COLONNA;all'intersezione con;VIA DEGLI SCIPIONI;VIA DEGLI SCIPIONI;;;Scontro frontale/laterale DX fra veicoli in marcia;Incrocio;Una carreggiata a doppio senso;Asciutto;Asfaltata;Verticale ed orizzontale;Sereno;Normale;Buona;Sufficiente;1;0;0;1;12,46696;41,91;-1;1;Autovettura privata;In marcia / fermata / arresto;Conducente;M;Illeso;0;;;
3417336;17;02/08/2017 01:00;Strada Urbana;VIA MARCANTONIO COLONNA;all'intersezione con;VIA DEGLI SCIPIONI;VIA DEGLI SCIPIONI;;;Scontro frontale/laterale DX fra veicoli in marcia;Incrocio;Una carreggiata a doppio senso;Asciutto;Asfaltata;Verticale ed orizzontale;Sereno;Normale;Buona;Sufficiente;1;0;0;1;12,46696;41,91;-1;2;Motociclo con passeggero;In marcia / fermata / arresto;Conducente;M;Rimandato;0;NON DECEDUTO;;
3417390;3;02/08/2017 12:30;Strada Urbana;VIA NOMENTANA;all'intersezione semaforizzata con;VIA LAZZARO SPALLANZANI;VIA LAZZARO SPALLANZANI;;;Scontro frontale/laterale DX fra veicoli in marcia;Intersezione semaforizzata;Più di due carreggiate;Asciutto;Asfaltata;Verticale ed orizzontale;Sereno;Normale;Buona;Ore Diurne;1;0;0;1;12,5086;41,91425;-1;1;Autovettura privata;In marcia / fermata / arresto;Conducente;F;Illeso;0;;Non accertato;Inesploso
3417390;3;02/08/2017 12:30;Strada Urbana;VIA NOMENTANA;all'intersezione semaforizzata con;VIA LAZZARO SPALLANZANI;VIA LAZZARO SPALLANZANI;;;Scontro frontale/laterale DX fra veicoli in marcia;Intersezione semaforizzata;Più di due carreggiate;Asciutto;Asfaltata;Verticale ed orizzontale;Sereno;Normale;Buona;Ore Diurne;1;0;0;1;12,5086;41,91425;-1;2;Motociclo a solo;In marcia / fermata / arresto;Conducente;F;Ricoverato;0;NON DECEDUTO;Non accertato;
3417392;18;03/08/2017 10:30;Strada Urbana;VIA ENNIO BONIFAZI;in corrispondenza;;del civico n.;64;;Investimento di pedone;Pendenza;Una carreggiata a senso unico di marcia;Asciutto;Asfaltata;Verticale ed orizzontale;Sereno;Scarso;Buona;Ore Diurne;1;0;0;1;12,41624;41,90554;-1;;;;Pedone;M;Rimandato;0;NON DECEDUTO;;
3417392;18;03/08/2017 10:30;Strada Urbana;VIA ENNIO BONIFAZI;in corrispondenza;;del civico n.;64;;Investimento di pedone;Pendenza;Una carreggiata a senso unico di marcia;Asciutto;Asfaltata;Verticale ed orizzontale;Sereno;Scarso;Buona;Ore Diurne;1;0;0;1;12,41624;41,90554;-1;1;Autovettura privata;In marcia / fermata / arresto;Conducente;M;Illeso;0;;Non accertato;Inesploso
3417395;17;02/08/2017 23:10;Strada Urbana;VIA UGO DE CAROLIS;in prossimità;;del civico n.;62;;Veicolo in marcia contro veicoli in sosta;Rettilineo;Una carreggiata a doppio senso;Asciutto;Asfaltata;Verticale ed orizzontale;Sereno;Scarso;Buona;Sufficiente;1;0;0;0;12,44028;41,91492;-1;1;Autovettura privata;In marcia / fermata / arresto;Conducente;M;Rimandato;0;NON DECEDUTO;;
3417396;17;02/08/2017 10:25;Strada Urbana;VIA MARCANTONIO COLONNA;all'intersezione con;VIA DEGLI SCIPIONI;VIA DEGLI SCIPIONI;;;Scontro frontale/laterale DX fra veicoli in marcia;Intersezione stradale segnalata;Una carreggiata a senso unico di marcia;Asciutto;Asfaltata;Verticale ed orizzontale;Sereno;Normale;Buona;Ore Diurne;1;0;0;2;12,4666;41,91062;-1;1;Autovettura privata;In marcia / fermata / arresto;Conducente;M;Illeso;0;;Non accertato;Inesploso
3417396;17;02/08/2017 10:25;Strada Urbana;VIA MARCANTONIO COLONNA;all'intersezione con;VIA DEGLI SCIPIONI;VIA DEGLI SCIPIONI;;;Scontro frontale/laterale DX fra veicoli in marcia;Intersezione stradale segnalata;Una carreggiata a senso unico di marcia;Asciutto;Asfaltata;Verticale ed orizzontale;Sereno;Normale;Buona;Ore Diurne;1;0;0;2;12,4666;41,91062;-1;1;Autovettura privata;In marcia / fermata / arresto;Passeggero;F;Illeso;0;;Non accertato;Inesploso
3417396;17;02/08/2017 10:25;Strada Urbana;VIA MARCANTONIO COLONNA;all'intersezione con;VIA DEGLI SCIPIONI;VIA DEGLI SCIPIONI;;;Scontro frontale/laterale DX fra veicoli in marcia;Intersezione stradale segnalata;Una carreggiata a senso unico di marcia;Asciutto;Asfaltata;Verticale ed orizzontale;Sereno;Normale;Buona;Ore Diurne;1;0;0;2;12,4666;41,91062;-1;2;Motociclo a solo;In marcia / fermata / arresto;Conducente;M;Rimandato;0;NON DECEDUTO;Non accertato;
3417413;16;02/08/2017 16:00;Strada Urbana;VIA AURELIA;da specificare;;;;fronte civico 1297;Tamponamento;Rettilineo;Una carreggiata a doppio senso;Asciutto;Asfaltata;Orizzontale;Sereno;Normale;Buona;Ore Diurne;1;0;0;1;12,40555;41,88836;-1;1;Autovettura privata;In marcia / fermata / arresto;Conducente;M;Illeso;0;;Non accertato;
3417413;16;02/08/2017 16:00;Strada Urbana;VIA AURELIA;da specificare;;;;fronte civico 1297;Tamponamento;Rettilineo;Una carreggiata a doppio senso;Asciutto;Asfaltata;Orizzontale;Sereno;Normale;Buona;Ore Diurne;1;0;0;1;12,40555;41,88836;-1;2;Autovettura privata;In marcia / fermata / arresto;Conducente;F;Rimandato;0;NON DECEDUTO;Utilizzato;
3417425;17;02/08/2017 12:30;Strada Urbana;PIAZZA GIUSEPPE MAZZINI;da specificare;;;;fr. V.le Mazzini dir. Clodio;Scontro laterale fra veicoli in marcia;Curva a visuale libera;Una carreggiata a senso unico di marcia;Asciutto;Asfaltata;Verticale ed orizzontale;Sereno;Normale;Buona;Ore Diurne;0;0;0;2;12,46414;41,91589;-1;1;Autovettura privata;In marcia / fermata / arresto;Conducente;M;Illeso;0;;;
3417425;17;02/08/2017 12:30;Strada Urbana;PIAZZA GIUSEPPE MAZZINI;da specificare;;;;fr. V.le Mazzini dir. Clodio;Scontro laterale fra veicoli in marcia;Curva a visuale libera;Una carreggiata a senso unico di marcia;Asciutto;Asfaltata;Verticale ed orizzontale;Sereno;Normale;Buona;Ore Diurne;0;0;0;2;12,46414;41,91589;-1;2;Autovettura privata;In marcia / fermata / arresto;Conducente;F;Illeso;0;;;
3417448;17;02/08/2017 17:00;Strada Urbana;VIA BERNARDINO TELESIO;all'intersezione semaforizzata con;CIRCONVALLAZIONE TRIONFALE;CIRCONVALLAZIONE TRIONFALE;;;Scontro laterale fra veicoli in marcia;Intersezione semaforizzata;Una carreggiata a senso unico di marcia;Asciutto;Asfaltata;Verticale ed orizzontale;Sereno;Normale;Buona;Ore Diurne;0;0;0;2;12,45122;41,91135;-1;1;Motociclo a solo;In marcia / fermata / arresto;Conducente;M;Illeso;0;;;
3417448;17;02/08/2017 17:00;Strada Urbana;VIA BERNARDINO TELESIO;all'intersezione semaforizzata con;CIRCONVALLAZIONE TRIONFALE;CIRCONVALLAZIONE TRIONFALE;;;Scontro laterale fra veicoli in marcia;Intersezione semaforizzata;Una carreggiata a senso unico di marcia;Asciutto;Asfaltata;Verticale ed orizzontale;Sereno;Normale;Buona;Ore Diurne;0;0;0;2;12,45122;41,91135;-1;2;Autovettura privata;In marcia / fermata / arresto;Conducente;M;Illeso;0;;;
3417461;17;02/08/2017 20:40;Strada Urbana;VIALE GIULIO CESARE;all'intersezione semaforizzata con;VIA CARLO ALBERTO DALLA CHIESA;VIA CARLO ALBERTO DALLA CHIESA;;;Scontro laterale fra veicoli in marcia;Intersezione semaforizzata;Più di due carreggiate;Asciutto;Asfaltata;Verticale;Sereno;Scarso;Buona;Sufficiente;0;0;0;4;12,46269;41,91068;-1;1;Autovettura privata;In marcia / fermata / arresto;Conducente;F;Illeso;0;;;
3417461;17;02/08/2017 20:40;Strada Urbana;VIALE GIULIO CESARE;all'intersezione semaforizzata con;VIA CARLO ALBERTO DALLA CHIESA;VIA CARLO ALBERTO DALLA CHIESA;;;Scontro laterale fra veicoli in marcia;Intersezione semaforizzata;Più di due carreggiate;Asciutto;Asfaltata;Verticale;Sereno;Scarso;Buona;Sufficiente;0;0;0;4;12,46269;41,91068;-1;1;Autovettura privata;In marcia / fermata / arresto;Passeggero;F;Illeso;0;;;
3417461;17;02/08/2017 20:40;Strada Urbana;VIALE GIULIO CESARE;all'intersezione semaforizzata con;VIA CARLO ALBERTO DALLA CHIESA;VIA CARLO ALBERTO DALLA CHIESA;;;Scontro laterale fra veicoli in marcia;Intersezione semaforizzata;Più di due carreggiate;Asciutto;Asfaltata;Verticale;Sereno;Scarso;Buona;Sufficiente;0;0;0;4;12,46269;41,91068;-1;1;Autovettura privata;In marcia / fermata / arresto;Passeggero;F;Illeso;0;;;
3417461;17;02/08/2017 20:40;Strada Urbana;VIALE GIULIO CESARE;all'intersezione semaforizzata con;VIA CARLO ALBERTO DALLA CHIESA;VIA CARLO ALBERTO DALLA CHIESA;;;Scontro laterale fra veicoli in marcia;Intersezione semaforizzata;Più di due carreggiate;Asciutto;Asfaltata;Verticale;Sereno;Scarso;Buona;Sufficiente;0;0;0;4;12,46269;41,91068;-1;2;Autovettura privata;In marcia / fermata / arresto;Conducente;F;Illeso;0;;;
3417538;12;02/08/2017 19:30;Regionale;VIA PONTINA;da specificare;;;;200 MT PRIMA USCITA PRATICA DI MARE DIR POMEZIA;Tamponamento Multiplo;Rettilineo;Due carreggiate;Asciutto;Asfaltata;Verticale ed orizzontale;Sereno;Intenso;Buona;Ore Diurne;0;0;0;4;12,43189;41,73594;-1;1;Autovettura privata;In marcia / fermata / arresto;Conducente;M;Illeso;0;;Non accertato;Inesploso
3417538;12;02/08/2017 19:30;Regionale;VIA PONTINA;da specificare;;;;200 MT PRIMA USCITA PRATICA DI MARE DIR POMEZIA;Tamponamento Multiplo;Rettilineo;Due carreggiate;Asciutto;Asfaltata;Verticale ed orizzontale;Sereno;Intenso;Buona;Ore Diurne;0;0;0;4;12,43189;41,73594;-1;2;Autovettura privata;In marcia / fermata / arresto;Conducente;M;Illeso;0;;Non accertato;Inesploso
3417538;12;02/08/2017 19:30;Regionale;VIA PONTINA;da specificare;;;;200 MT PRIMA USCITA PRATICA DI MARE DIR POMEZIA;Tamponamento Multiplo;Rettilineo;Due carreggiate;Asciutto;Asfaltata;Verticale ed orizzontale;Sereno;Intenso;Buona;Ore Diurne;0;0;0;4;12,43189;41,73594;-1;2;Autovettura privata;In marcia / fermata / arresto;Passeggero;F;Illeso;0;;Non accertato;Inesploso
3417538;12;02/08/2017 19:30;Regionale;VIA PONTINA;da specificare;;;;200 MT PRIMA USCITA PRATICA DI MARE DIR POMEZIA;Tamponamento Multiplo;Rettilineo;Due carreggiate;Asciutto;Asfaltata;Verticale ed orizzontale;Sereno;Intenso;Buona;Ore Diurne;0;0;0;4;12,43189;41,73594;-1;3;Autovettura privata;In marcia / fermata / arresto;Conducente;M;Illeso;0;;Non accertato;Esploso
3417597;6;03/08/2017 12:10;Strada Urbana;VIA DI ACQUA BULLICANTE;all'intersezione con;LARGO PRENESTE;LARGO PRENESTE;;;Investimento di pedone;Incrocio;Una carreggiata a doppio senso;Asciutto;Asfaltata;Orizzontale;Sereno;Normale;Buona;Ore Diurne;2;0;0;0;12,54187;41,89236;-1;;;;Pedone;F;Rimandato;0;NON DECEDUTO;;
3417597;6;03/08/2017 12:10;Strada Urbana;VIA DI ACQUA BULLICANTE;all'intersezione con;LARGO PRENESTE;LARGO PRENESTE;;;Investimento di pedone;Incrocio;Una carreggiata a doppio senso;Asciutto;Asfaltata;Orizzontale;Sereno;Normale;Buona;Ore Diurne;2;0;0;0;12,54187;41,89236;-1;1;Autovettura privata;In marcia / fermata / arresto;Conducente;M;Rimandato;0;NON DECEDUTO;Non accertato;Inesploso
3417631;1;02/08/2017 07:30;Strada Urbana;VIA DEI LATERANI;in prossimità;;del civico n.;8;;Scontro laterale fra veicoli in marcia;Rettilineo;Una carreggiata a senso unico di marcia;Asciutto;Asfaltata;Verticale ed orizzontale;Sereno;Normale;Buona;Ore Diurne;1;0;0;1;12,50303;41,88491;-1;1;Motociclo a solo;In marcia / fermata / arresto;Conducente;M;Rifiuta cure immediate;0;NON DECEDUTO;Utilizzato;
3417631;1;02/08/2017 07:30;Strada Urbana;VIA DEI LATERANI;in prossimità;;del civico n.;8;;Scontro laterale fra veicoli in marcia;Rettilineo;Una carreggiata a senso unico di marcia;Asciutto;Asfaltata;Verticale ed orizzontale;Sereno;Normale;Buona;Ore Diurne;1;0;0;1;12,50303;41,88491;-1;2;Autocarro inferiore 35 q.;In marcia / fermata / arresto;Conducente;M;Illeso;0;;Non accertato;Inesploso
3417658;1;01/08/2017 18:15;Strada Urbana;VIA ANTONIO ROSMINI;in prossimità;;del civico n.;19;;Veicolo in marcia contro veicolo in sosta;Rettilineo;Una carreggiata a senso unico di marcia;Asciutto;In cubetti di porfido;Verticale ed orizzontale;Sereno;Normale;Buona;Ore Diurne;0;0;0;1;12,49785;41,89924;-1;1;Autovettura privata;In marcia / fermata / arresto;Conducente;F;Illeso;0;;Utilizzato;Inesploso
3417672;1;01/08/2017 19:30;Strada Urbana;PIAZZA DI S. ANDREA DELLA VALLE;all'intersezione semaforizzata con;CORSO VITTORIO EMANUELE II;CORSO VITTORIO EMANUELE II;;;Scontro laterale fra veicoli in marcia;Intersezione semaforizzata;Una carreggiata a doppio senso;Asciutto;In cubetti di porfido;Verticale ed orizzontale;Sereno;Normale;Sufficiente;Ore Diurne;0;0;0;2;12,47425;41,89656;-1;1;Autovettura privata;In marcia / fermata / arresto;Conducente;F;Illeso;0;;Non accertato;Inesploso
3417672;1;01/08/2017 19:30;Strada Urbana;PIAZZA DI S. ANDREA DELLA VALLE;all'intersezione semaforizzata con;CORSO VITTORIO EMANUELE II;CORSO VITTORIO EMANUELE II;;;Scontro laterale fra veicoli in marcia;Intersezione semaforizzata;Una carreggiata a doppio senso;Asciutto;In cubetti di porfido;Verticale ed orizzontale;Sereno;Normale;Sufficiente;Ore Diurne;0;0;0;2;12,47425;41,89656;-1;2;Autovettura privata;In marcia / fermata / arresto;Conducente;F;Illeso;0;;Non accertato;Inesploso
3417692;1;01/08/2017 10:00;Strada Urbana;VIA MERULANA;all'intersezione con;VIA RUGGERO BONGHI;VIA RUGGERO BONGHI;;;Scontro laterale fra veicoli in marcia;Incrocio;Una carreggiata a doppio senso;Asciutto;Asfaltata;Verticale ed orizzontale;Sereno;Normale;Buona;Ore Diurne;0;0;0;2;12,50291;41,89021;-1;1;Ciclomotore;In marcia / fermata / arresto;Conducente;M;Illeso;0;;;
3417692;1;01/08/2017 10:00;Strada Urbana;VIA MERULANA;all'intersezione con;VIA RUGGERO BONGHI;VIA RUGGERO BONGHI;;;Scontro laterale fra veicoli in marcia;Incrocio;Una carreggiata a doppio senso;Asciutto;Asfaltata;Verticale ed orizzontale;Sereno;Normale;Buona;Ore Diurne;0;0;0;2;12,50291;41,89021;-1;2;Motociclo a solo;In marcia / fermata / arresto;Conducente;M;Illeso;0;;;
3417711;13;03/08/2017 09:00;Strada Urbana;VIA RUTILIO NAMAZIANO;da specificare;;;;altezza acea;Tamponamento;Rettilineo;Una carreggiata a senso unico di marcia;Asciutto;Asfaltata;Assente;Sereno;Intenso;Buona;Ore Diurne;0;0;0;2;12,2751;41,73087;-1;1;Autovettura privata;In marcia / fermata / arresto;Conducente;F;Illeso;0;;Non accertato;Inesploso
3417711;13;03/08/2017 09:00;Strada Urbana;VIA RUTILIO NAMAZIANO;da specificare;;;;altezza acea;Tamponamento;Rettilineo;Una carreggiata a senso unico di marcia;Asciutto;Asfaltata;Assente;Sereno;Intenso;Buona;Ore Diurne;0;0;0;2;12,2751;41,73087;-1;2;Autovettura privata;In marcia / fermata / arresto;Conducente;M;Illeso;0;;Non accertato;Inesploso
3417715;1;02/08/2017 09:00;Strada Urbana;VIA GIOVANNI GIOLITTI;in prossimità;;del civico n.;89;;Tamponamento;Rettilineo;Una carreggiata a senso unico di marcia;Asciutto;Asfaltata;Verticale ed orizzontale;Sereno;Normale;Buona;Ore Diurne;0;0;0;2;12,50163;41,89958;-1;1;Motociclo a solo;In marcia / fermata / arresto;Conducente;F;Illeso;0;;;
3417715;1;02/08/2017 09:00;Strada Urbana;VIA GIOVANNI GIOLITTI;in prossimità;;del civico n.;89;;Tamponamento;Rettilineo;Una carreggiata a senso unico di marcia;Asciutto;Asfaltata;Verticale ed orizzontale;Sereno;Normale;Buona;Ore Diurne;0;0;0;2;12,50163;41,89958;-1;2;Autovettura privata;Allontanatosi;Conducente;M;Illeso;0;;;
3417717;1;01/08/2017 12:50;Strada Urbana;PIAZZA DEI SS. APOSTOLI;in prossimità;;del civico n.;51;;Scontro laterale fra veicoli in marcia;Rettilineo;Una carreggiata a senso unico di marcia;Asciutto;In cubetti di porfido;Verticale ed orizzontale;Sereno;Intenso;Buona;Ore Diurne;0;0;0;2;12,48328;41,89764;-1;1;Motociclo a solo;In marcia / fermata / arresto;Conducente;M;Illeso;0;;;
3417717;1;01/08/2017 12:50;Strada Urbana;PIAZZA DEI SS. APOSTOLI;in prossimità;;del civico n.;51;;Scontro laterale fra veicoli in marcia;Rettilineo;Una carreggiata a senso unico di marcia;Asciutto;In cubetti di porfido;Verticale ed orizzontale;Sereno;Intenso;Buona;Ore Diurne;0;0;0;2;12,48328;41,89764;-1;2;Autovettura privata;In marcia / fermata / arresto;Conducente;F;Illeso;0;;;
3417734;13;03/08/2017 09:40;Strada Urbana;LUNGOMARE PAOLO TOSCANELLI;in corrispondenza;;del civico n.;46;;Scontro laterale fra veicoli in marcia;Rettilineo;Una carreggiata a senso unico di marcia;Asciutto;Asfaltata;Verticale ed orizzontale;Sereno;Normale;Buona;Ore Diurne;0;0;0;5;12,28225;41,72812;-1;1;Motociclo a solo;In marcia / fermata / arresto;Conducente;M;Illeso;0;;Non accertato;
3417734;13;03/08/2017 09:40;Strada Urbana;LUNGOMARE PAOLO TOSCANELLI;in corrispondenza;;del civico n.;46;;Scontro laterale fra veicoli in marcia;Rettilineo;Una carreggiata a senso unico di marcia;Asciutto;Asfaltata;Verticale ed orizzontale;Sereno;Normale;Buona;Ore Diurne;0;0;0;5;12,28225;41,72812;-1;1;Motociclo a solo;In marcia / fermata / arresto;Passeggero;M;Illeso;0;;Non accertato;
3417734;13;03/08/2017 09:40;Strada Urbana;LUNGOMARE PAOLO TOSCANELLI;in corrispondenza;;del civico n.;46;;Scontro laterale fra veicoli in marcia;Rettilineo;Una carreggiata a senso unico di marcia;Asciutto;Asfaltata;Verticale ed orizzontale;Sereno;Normale;Buona;Ore Diurne;0;0;0;5;12,28225;41,72812;-1;2;Autovettura privata;In marcia / fermata / arresto;Conducente;F;Illeso;0;;Non accertato;Inesploso
3417734;13;03/08/2017 09:40;Strada Urbana;LUNGOMARE PAOLO TOSCANELLI;in corrispondenza;;del civico n.;46;;Scontro laterale fra veicoli in marcia;Rettilineo;Una carreggiata a senso unico di marcia;Asciutto;Asfaltata;Verticale ed orizzontale;Sereno;Normale;Buona;Ore Diurne;0;0;0;5;12,28225;41,72812;-1;3;Autovettura privata;In marcia / fermata / arresto;Conducente;F;Illeso;0;;Non accertato;Inesploso
3417734;13;03/08/2017 09:40;Strada Urbana;LUNGOMARE PAOLO TOSCANELLI;in corrispondenza;;del civico n.;46;;Scontro laterale fra veicoli in marcia;Rettilineo;Una carreggiata a senso unico di marcia;Asciutto;Asfaltata;Verticale ed orizzontale;Sereno;Normale;Buona;Ore Diurne;0;0;0;5;12,28225;41,72812;-1;3;Autovettura privata;In marcia / fermata / arresto;Passeggero;M;Illeso;0;;Non accertato;Inesploso