Protocollo;Gruppo;DataOraIncidente;Localizzazione1;STRADA1;Localizzazione2;STRADA2;Strada02;Chilometrica;DaSpecificare;NaturaIncidente;particolaritastrade;TipoStrada;FondoStradale;Pavimentazione;Segnaletica;CondizioneAtmosferica;Traffico;Visibilita;Illuminazione;NUM_FERITI;NUM_RISERVATA;NUM_MORTI;NUM_ILLESI;Longitudine;Latitudine;Confermato;Progressivo;TipoVeicolo;StatoVeicolo;TipoPersona;Sesso;Tipolesione;Deceduto;DecedutoDopo;CinturaCascoUtilizzato;Airbag
3417739;6;03/08/2017 16:15;Strada Urbana;VIA DI ACQUA BULLICANTE;in corrispondenza;;del civico n.;292;;Tamponamento;Rettilineo;Una carreggiata a doppio senso;Asciutto;Asfaltata;Orizzontale;Sereno;Normale;Buona;Ore Diurne;0;0;0;3;12,54217;41,89076;-1;1;Autovettura privata;In marcia / fermata / arresto;Conducente;M;Illeso;0;;Non accertato;Inesploso
3417739;6;03/08/2017 16:15;Strada Urbana;VIA DI ACQUA BULLICANTE;in corrispondenza;;del civico n.;292;;Tamponamento;Rettilineo;Una carreggiata a doppio senso;Asciutto;Asfaltata;Orizzontale;Sereno;Normale;Buona;Ore Diurne;0;0;0;3;12,54217;41,89076;-1;1;Autovettura privata;In marcia / fermata / arresto;Passeggero;F;Illeso;0;;Non accertato;Inesploso
3417739;6;03/08/2017 16:15;Strada Urbana;VIA DI ACQUA BULLICANTE;in corrispondenza;;del civico n.;292;;Tamponamento;Rettilineo;Una carreggiata a doppio senso;Asciutto;Asfaltata;Orizzontale;Sereno;Normale;Buona;Ore Diurne;0;0;0;3;12,54217;41,89076;-1;2;Autocarro inferiore 35 q.;In marcia / fermata / arresto;Conducente;M;Illeso;0;;Non accertato;Inesploso
3417744;1;02/08/2017 17:34;Strada Urbana;VIA MACHIAVELLI;in prossimità;;del civico n.;60;;Scontro frontale/laterale SX fra veicoli in marcia;Rettilineo;Una carreggiata a senso unico di marcia;Asciutto;Asfaltata;Orizzontale;Sereno;Scarso;Buona;Ore Diurne;0;0;0;3;12,50388;41,89342;-1;1;Motociclo a solo;In marcia / fermata / arresto;Conducente;M;Illeso;0;;Utilizzato;
3417744;1;02/08/2017 17:34;Strada Urbana;VIA MACHIAVELLI;in prossimità;;del civico n.;60;;Scontro frontale/laterale SX fra veicoli in marcia;Rettilineo;Una carreggiata a senso unico di marcia;Asciutto;Asfaltata;Orizzontale;Sereno;Scarso;Buona;Ore Diurne;0;0;0;3;12,50388;41,89342;-1;2;Autovettura pubblica;In marcia / fermata / arresto;Conducente;M;Illeso;0;;;
3417744;1;02/08/2017 17:34;Strada Urbana;VIA MACHIAVELLI;in prossimità;;del civico n.;60;;Scontro frontale/laterale SX fra veicoli in marcia;Rettilineo;Una carreggiata a senso unico di marcia;Asciutto;Asfaltata;Orizzontale;Sereno;Scarso;Buona;Ore Diurne;0;0;0;3;12,50388;41,89342;-1;2;Autovettura pubblica;In marcia / fermata / arresto;Passeggero;F;Illeso;0;;;
3417765;18;03/08/2017 08:30;Strada Urbana;VIA TOMMASO BERNETTI;all'intersezione con;VIA DI TORREVECCHIA;VIA DI TORREVECCHIA;;;Scontro frontale/laterale SX fra veicoli in marcia;Incrocio;Una carreggiata a doppio senso;Asciutto;Asfaltata;Verticale;Sereno;Normale;Buona;Ore Diurne;1;0;0;1;12,40907;41,91685;-1;1;Autovettura privata;In marcia / fermata / arresto;Conducente;M;Illeso;0;;;
3417765;18;03/08/2017 08:30;Strada Urbana;VIA TOMMASO BERNETTI;all'intersezione con;VIA DI TORREVECCHIA;VIA DI TORREVECCHIA;;;Scontro frontale/laterale SX fra veicoli in marcia;Incrocio;Una carreggiata a doppio senso;Asciutto;Asfaltata;Verticale;Sereno;Normale;Buona;Ore Diurne;1;0;0;1;12,40907;41,91685;-1;2;Motociclo a solo;In marcia / fermata / arresto;Conducente;F;Rimandato;0;NON DECEDUTO;;
3417771;1;02/08/2017 18:00;Strada Urbana;LUNGOTEVERE DEI PIERLEONI;da specificare;;;;IN CORRISPONDENZA VIA PONTE ROTTO;Scontro laterale fra veicoli in marcia;Rettilineo;Due carreggiate;Asciutto;Asfaltata;Verticale ed orizzontale;Sereno;Normale;Buona;Ore Diurne;1;0;0;2;12,47949;41,8906;-1;1;Motociclo a solo;In marcia / fermata / arresto;Conducente;M;Rifiuta cure immediate;0;NON DECEDUTO;Non accertato;
3417771;1;02/08/2017 18:00;Strada Urbana;LUNGOTEVERE DEI PIERLEONI;da specificare;;;;IN CORRISPONDENZA VIA PONTE ROTTO;Scontro laterale fra veicoli in marcia;Rettilineo;Due carreggiate;Asciutto;Asfaltata;Verticale ed orizzontale;Sereno;Normale;Buona;Ore Diurne;1;0;0;2;12,47949;41,8906;-1;2;Autovettura privata;In marcia / fermata / arresto;Conducente;M;Illeso;0;;Non accertato;
3417771;1;02/08/2017 18:00;Strada Urbana;LUNGOTEVERE DEI PIERLEONI;da specificare;;;;IN CORRISPONDENZA VIA PONTE ROTTO;Scontro laterale fra veicoli in marcia;Rettilineo;Due carreggiate;Asciutto;Asfaltata;Verticale ed orizzontale;Sereno;Normale;Buona;Ore Diurne;1;0;0;2;12,47949;41,8906;-1;2;Autovettura privata;In marcia / fermata / arresto;Passeggero;F;Illeso;0;;Non accertato;
3417785;12;03/08/2017 15:35;Strada Urbana;VIALE DEL PATTINAGGIO;da specificare;;;;prossimità via delle Tre Fontane;Scontro laterale fra veicoli in marcia;Rettilineo;Una carreggiata a senso unico di marcia;Asciutto;Asfaltata;Orizzontale;Sereno;Normale;Buona;Ore Diurne;1;0;0;1;12,47348;41,84094;-1;1;Autovettura privata;In marcia / fermata / arresto;Conducente;M;Illeso;0;;Utilizzato;Inesploso
3417785;12;03/08/2017 15:35;Strada Urbana;VIALE DEL PATTINAGGIO;da specificare;;;;prossimità via delle Tre Fontane;Scontro laterale fra veicoli in marcia;Rettilineo;Una carreggiata a senso unico di marcia;Asciutto;Asfaltata;Orizzontale;Sereno;Normale;Buona;Ore Diurne;1;0;0;1;12,47348;41,84094;-1;2;Motociclo a solo;In marcia / fermata / arresto;Conducente;M;Rimandato;0;NON DECEDUTO;Non accertato;
3417797;1;03/08/2017 03:30;Strada Urbana;VIA D'AZEGLIO;all'intersezione con;VIA PRINCIPE AMEDEO;VIA PRINCIPE AMEDEO;;;Scontro laterale fra veicoli in marcia;Intersezione non regolata/non segnalata;Una carreggiata a senso unico di marcia;Asciutto;Asfaltata;Verticale ed orizzontale;Sereno;Scarso;Buona;Sufficiente;0;0;0;3;12,49786;41,9003;-1;1;Autovettura privata;In marcia / fermata / arresto;Conducente;M;Illeso;0;;Non accertato;Inesploso
3417797;1;03/08/2017 03:30;Strada Urbana;VIA D'AZEGLIO;all'intersezione con;VIA PRINCIPE AMEDEO;VIA PRINCIPE AMEDEO;;;Scontro laterale fra veicoli in marcia;Intersezione non regolata/non segnalata;Una carreggiata a senso unico di marcia;Asciutto;Asfaltata;Verticale ed orizzontale;Sereno;Scarso;Buona;Sufficiente;0;0;0;3;12,49786;41,9003;-1;1;Autovettura privata;In marcia / fermata / arresto;Passeggero;M;Illeso;0;;Non accertato;Inesploso
3417797;1;03/08/2017 03:30;Strada Urbana;VIA D'AZEGLIO;all'intersezione con;VIA PRINCIPE AMEDEO;VIA PRINCIPE AMEDEO;;;Scontro laterale fra veicoli in marcia;Intersezione non regolata/non segnalata;Una carreggiata a senso unico di marcia;Asciutto;Asfaltata;Verticale ed orizzontale;Sereno;Scarso;Buona;Sufficiente;0;0;0;3;12,49786;41,9003;-1;2;Autovettura privata;In marcia / fermata / arresto;Conducente;M;Illeso;0;;Non accertato;Inesploso
3417798;12;02/08/2017 23:30;Strada Urbana;PIAZZA SANTO DOMINGO;all'intersezione con;VIA DELLE TRE FONTANE;VIA DELLE TRE FONTANE;;;Scontro laterale fra veicoli in marcia;Incrocio;Una carreggiata a doppio senso;Asciutto;Asfaltata;Verticale ed orizzontale;Sereno;Scarso;Sufficiente;Insufficiente;2;0;0;4;12,47797;41,83795;-1;1;Autovettura privata;In marcia / fermata / arresto;Conducente;M;Illeso;0;;Non accertato;Esploso
3417798;12;02/08/2017 23:30;Strada Urbana;PIAZZA SANTO DOMINGO;all'intersezione con;VIA DELLE TRE FONTANE;VIA DELLE TRE FONTANE;;;Scontro laterale fra veicoli in marcia;Incrocio;Una carreggiata a doppio senso;Asciutto;Asfaltata;Verticale ed orizzontale;Sereno;Scarso;Sufficiente;Insufficiente;2;0;0;4;12,47797;41,83795;-1;1;Autovettura privata;In marcia / fermata / arresto;Passeggero;M;Rimandato;0;NON DECEDUTO;Utilizzato;Inesploso
3417798;12;02/08/2017 23:30;Strada Urbana;PIAZZA SANTO DOMINGO;all'intersezione con;VIA DELLE TRE FONTANE;VIA DELLE TRE FONTANE;;;Scontro laterale fra veicoli in marcia;Incrocio;Una carreggiata a doppio senso;Asciutto;Asfaltata;Verticale ed orizzontale;Sereno;Scarso;Sufficiente;Insufficiente;2;0;0;4;12,47797;41,83795;-1;1;Autovettura privata;In marcia / fermata / arresto;Passeggero;M;Rimandato;0;NON DECEDUTO;Utilizzato;Esploso
3417798;12;02/08/2017 23:30;Strada Urbana;PIAZZA SANTO DOMINGO;all'intersezione con;VIA DELLE TRE FONTANE;VIA DELLE TRE FONTANE;;;Scontro laterale fra veicoli in marcia;Incrocio;Una carreggiata a doppio senso;Asciutto;Asfaltata;Verticale ed orizzontale;Sereno;Scarso;Sufficiente;Insufficiente;2;0;0;4;12,47797;41,83795;-1;2;Autovettura privata;In marcia / fermata / arresto;Conducente;M;Illeso;0;;;
3417798;12;02/08/2017 23:30;Strada Urbana;PIAZZA SANTO DOMINGO;all'intersezione con;VIA DELLE TRE FONTANE;VIA DELLE TRE FONTANE;;;Scontro laterale fra veicoli in marcia;Incrocio;Una carreggiata a doppio senso;Asciutto;Asfaltata;Verticale ed orizzontale;Sereno;Scarso;Sufficiente;Insufficiente;2;0;0;4;12,47797;41,83795;-1;2;Autovettura privata;In marcia / fermata / arresto;Passeggero;M;Illeso;0;;Utilizzato;Inesploso
3417821;15;03/08/2017 11:30;Strada Urbana;VIA AGOSTINO MAGLIANI;da specificare;;;;fronte civico 27;Scontro laterale fra veicoli in marcia;Rettilineo;Una carreggiata a senso unico di marcia;Asciutto;Asfaltata;Verticale ed orizzontale;Sereno;Normale;Buona;Sufficiente;0;0;0;3;12,4238;41,8473;-1;1;Autovettura privata;In marcia / fermata / arresto;Conducente;M;Illeso;0;;;
3417821;15;03/08/2017 11:30;Strada Urbana;VIA AGOSTINO MAGLIANI;da specificare;;;;fronte civico 27;Scontro laterale fra veicoli in marcia;Rettilineo;Una carreggiata a senso unico di marcia;Asciutto;Asfaltata;Verticale ed orizzontale;Sereno;Normale;Buona;Sufficiente;0;0;0;3;12,4238;41,8473;-1;1;Autovettura privata;In marcia / fermata / arresto;Passeggero;F;Illeso;0;;;
3417821;15;03/08/2017 11:30;Strada Urbana;VIA AGOSTINO MAGLIANI;da specificare;;;;fronte civico 27;Scontro laterale fra veicoli in marcia;Rettilineo;Una carreggiata a senso unico di marcia;Asciutto;Asfaltata;Verticale ed orizzontale;Sereno;Normale;Buona;Sufficiente;0;0;0;3;12,4238;41,8473;-1;2;Autovettura privata;In marcia / fermata / arresto;Conducente;F;Illeso;0;;;
3417838;7;03/08/2017 11:40;Strada Urbana;VIA DELLE PALME;all'intersezione con;VIA ERNESTO MAURI;VIA ERNESTO MAURI;;;Scontro frontale/laterale SX fra veicoli in marcia;Incrocio;Una carreggiata a senso unico di marcia;Asciutto;Asfaltata;Verticale;Sereno;Scarso;Buona;Ore Diurne;0;0;0;2;12,57185;41,89058;-1;1;Autovettura privata;In marcia / fermata / arresto;Conducente;M;Illeso;0;;Non accertato;Inesploso
3417838;7;03/08/2017 11:40;Strada Urbana;VIA DELLE PALME;all'intersezione con;VIA ERNESTO MAURI;VIA ERNESTO MAURI;;;Scontro frontale/laterale SX fra veicoli in marcia;Incrocio;Una carreggiata a senso unico di marcia;Asciutto;Asfaltata;Verticale;Sereno;Scarso;Buona;Ore Diurne;0;0;0;2;12,57185;41,89058;-1;2;Autovettura privata;In marcia / fermata / arresto;Conducente;M;Illeso;0;;Non accertato;Inesploso
3417876;12;03/08/2017 17:45;Strada Urbana;VIA CRISTOFORO COLOMBO;all'intersezione semaforizzata con;VIALE EUROPA;VIALE EUROPA;;;Scontro frontale/laterale DX fra veicoli in marcia;Intersezione semaforizzata;Due carreggiate;Asciutto;Asfaltata;Verticale ed orizzontale;Sereno;Normale;Buona;Ore Diurne;0;0;0;2;12,46928;41,83081;-1;1;Autovettura privata;In marcia / fermata / arresto;Conducente;F;Illeso;0;;Utilizzato;Inesploso
3417876;12;03/08/2017 17:45;Strada Urbana;VIA CRISTOFORO COLOMBO;all'intersezione semaforizzata con;VIALE EUROPA;VIALE EUROPA;;;Scontro frontale/laterale DX fra veicoli in marcia;Intersezione semaforizzata;Due carreggiate;Asciutto;Asfaltata;Verticale ed orizzontale;Sereno;Normale;Buona;Ore Diurne;0;0;0;2;12,46928;41,83081;-1;2;Autovettura privata;In marcia / fermata / arresto;Conducente;M;Illeso;0;;Utilizzato;Inesploso
3417949;15;03/08/2017 17:40;Strada Urbana;VIA ANTONIO PACINOTTI;all'intersezione con;VIA ALFREDO NOBEL;VIA ALFREDO NOBEL;;;Scontro laterale fra veicoli in marcia;Intersezione non regolata/non segnalata;Una carreggiata a doppio senso;Asciutto;Asfaltata;Verticale ed orizzontale;Sereno;Normale;Buona;Ore Diurne;1;0;0;2;12,46809;41,87107;-1;1;Autovettura privata;In marcia / fermata / arresto;Conducente;M;Illeso;0;;Non accertato;Inesploso
3417949;15;03/08/2017 17:40;Strada Urbana;VIA ANTONIO PACINOTTI;all'intersezione con;VIA ALFREDO NOBEL;VIA ALFREDO NOBEL;;;Scontro laterale fra veicoli in marcia;Intersezione non regolata/non segnalata;Una carreggiata a doppio senso;Asciutto;Asfaltata;Verticale ed orizzontale;Sereno;Normale;Buona;Ore Diurne;1;0;0;2;12,46809;41,87107;-1;2;Motociclo a solo;In marcia / fermata / arresto;Conducente;M;Rimandato;0;NON DECEDUTO;Utilizzato;
3417949;15;03/08/2017 17:40;Strada Urbana;VIA ANTONIO PACINOTTI;all'intersezione con;VIA ALFREDO NOBEL;VIA ALFREDO NOBEL;;;Scontro laterale fra veicoli in marcia;Intersezione non regolata/non segnalata;Una carreggiata a doppio senso;Asciutto;Asfaltata;Verticale ed orizzontale;Sereno;Normale;Buona;Ore Diurne;1;0;0;2;12,46809;41,87107;-1;3;Autovettura privata;In marcia / fermata / arresto;Conducente;M;Illeso;0;;Non accertato;Inesploso
3417951;15;03/08/2017 17:45;Strada Urbana;VIA ODERISI DA GUBBIO;in corrispondenza;;del civico n.;196;;Investimento di pedone;Rettilineo;Una carreggiata a doppio senso;Asciutto;Asfaltata;Orizzontale;Sereno;Normale;Buona;Ore Diurne;1;0;0;1;12,46461;41,86443;-1;;;;Pedone;M;Ricoverato;0;NON DECEDUTO;;
3417951;15;03/08/2017 17:45;Strada Urbana;VIA ODERISI DA GUBBIO;in corrispondenza;;del civico n.;196;;Investimento di pedone;Rettilineo;Una carreggiata a doppio senso;Asciutto;Asfaltata;Orizzontale;Sereno;Normale;Buona;Ore Diurne;1;0;0;1;12,46461;41,86443;-1;1;Autovettura privata;In marcia / fermata / arresto;Conducente;F;Illeso;0;;Non accertato;Inesploso
3417952;15;03/08/2017 15:45;Strada Urbana;VIALE GUGLIELMO MARCONI;in corrispondenza;;del civico n.;310;;Scontro laterale fra veicoli in marcia;Rettilineo;Due carreggiate;Asciutto;Asfaltata;Orizzontale;Sereno;Normale;Buona;Ore Diurne;0;0;0;3;12,46955;41,86207;-1;1;Autovettura privata;In marcia / fermata / arresto;Conducente;M;Illeso;0;;;
3417952;15;03/08/2017 15:45;Strada Urbana;VIALE GUGLIELMO MARCONI;in corrispondenza;;del civico n.;310;;Scontro laterale fra veicoli in marcia;Rettilineo;Due carreggiate;Asciutto;Asfaltata;Orizzontale;Sereno;Normale;Buona;Ore Diurne;0;0;0;3;12,46955;41,86207;-1;1;Autovettura privata;In marcia / fermata / arresto;Passeggero;F;Illeso;0;;;
3417952;15;03/08/2017 15:45;Strada Urbana;VIALE GUGLIELMO MARCONI;in corrispondenza;;del civico n.;310;;Scontro laterale fra veicoli in marcia;Rettilineo;Due carreggiate;Asciutto;Asfaltata;Orizzontale;Sereno;Normale;Buona;Ore Diurne;0;0;0;3;12,46955;41,86207;-1;2;Autovettura privata;In marcia / fermata / arresto;Conducente;M;Illeso;0;;;
3418178;5;03/08/2017 10:42;Strada Urbana;VIA CIVITACAMPOMARANO;all'intersezione con;VIA CASTROPIGNANO;VIA CASTROPIGNANO;;;Scontro frontale/laterale DX fra veicoli in marcia;Incrocio;Una carreggiata a doppio senso;Asciutto;Asfaltata;Assente;Sereno;Scarso;Sufficiente;Ore Diurne;0;0;0;3;12,64426;41,9336;-1;1;Autovettura pubblica;In marcia / fermata / arresto;Conducente;M;Illeso;0;;Non accertato;Inesploso
3418178;5;03/08/2017 10:42;Strada Urbana;VIA CIVITACAMPOMARANO;all'intersezione con;VIA CASTROPIGNANO;VIA CASTROPIGNANO;;;Scontro frontale/laterale DX fra veicoli in marcia;Incrocio;Una carreggiata a doppio senso;Asciutto;Asfaltata;Assente;Sereno;Scarso;Sufficiente;Ore Diurne;0;0;0;3;12,64426;41,9336;-1;1;Autovettura pubblica;In marcia / fermata / arresto;Passeggero;F;Illeso;0;;Non accertato;Inesploso
3418178;5;03/08/2017 10:42;Strada Urbana;VIA CIVITACAMPOMARANO;all'intersezione con;VIA CASTROPIGNANO;VIA CASTROPIGNANO;;;Scontro frontale/laterale DX fra veicoli in marcia;Incrocio;Una carreggiata a doppio senso;Asciutto;Asfaltata;Assente;Sereno;Scarso;Sufficiente;Ore Diurne;0;0;0;3;12,64426;41,9336;-1;2;Autocarro inferiore 35 q.;In marcia / fermata / arresto;Conducente;M;Illeso;0;;Non accertato;Inesploso
3418184;6;04/08/2017 03:00;Strada Urbana;VIA DEGLI ANGELI;in prossimità;;del civico n.;99/E;;Veicolo in marcia contro ostacolo fisso;Curva a visuale libera;Una carreggiata a doppio senso;Asciutto;Asfaltata;Assente;Sereno;Scarso;Insufficiente;Insufficiente;0;0;0;1;12,54255;41,87313;-1;1;Autovettura privata;In marcia / fermata / arresto;Conducente;M;Illeso;0;;;
3418186;5;03/08/2017 14:15;Strada Urbana;VIA DI PIETRALATA;in prossimità;;del civico n.;242;;Scontro laterale fra veicoli in marcia;Rettilineo;Una carreggiata a doppio senso;Asciutto;Asfaltata;Assente;Sereno;Normale;Sufficiente;Ore Diurne;0;0;0;2;12,54642;41,92375;-1;1;Autovettura privata;In marcia / fermata / arresto;Conducente;F;Illeso;0;;Non accertato;Inesploso
3418186;5;03/08/2017 14:15;Strada Urbana;VIA DI PIETRALATA;in prossimità;;del civico n.;242;;Scontro laterale fra veicoli in marcia;Rettilineo;Una carreggiata a doppio senso;Asciutto;Asfaltata;Assente;Sereno;Normale;Sufficiente;Ore Diurne;0;0;0;2;12,54642;41,92375;-1;2;Autovettura privata;In marcia / fermata / arresto;Conducente;F;Illeso;0;;Non accertato;Inesploso
3418188;5;03/08/2017 18:17;Strada Urbana;VIA TIBURTINA;all'intersezione semaforizzata con;VIA DEL CASALE DI S. BASILIO;VIA DEL CASALE DI S. BASILIO;;;Scontro frontale/laterale DX fra veicoli in marcia;Incrocio;Due carreggiate;Asciutto;Asfaltata;Verticale ed orizzontale;Sereno;Normale;Buona;Ore Diurne;2;0;0;1;12,58479;41,9326;-1;1;Autovettura privata;In marcia / fermata / arresto;Conducente;F;Rimandato;0;NON DECEDUTO;Non accertato;
3418188;5;03/08/2017 18:17;Strada Urbana;VIA TIBURTINA;all'intersezione semaforizzata con;VIA DEL CASALE DI S. BASILIO;VIA DEL CASALE DI S. BASILIO;;;Scontro frontale/laterale DX fra veicoli in marcia;Incrocio;Due carreggiate;Asciutto;Asfaltata;Verticale ed orizzontale;Sereno;Normale;Buona;Ore Diurne;2;0;0;1;12,58479;41,9326;-1;2;Autovettura di polizia;In marcia / fermata / arresto;Conducente;M;Rimandato;0;NON DECEDUTO;Non accertato;
3418188;5;03/08/2017 18:17;Strada Urbana;VIA TIBURTINA;all'intersezione semaforizzata con;VIA DEL CASALE DI S. BASILIO;VIA DEL CASALE DI S. BASILIO;;;Scontro frontale/laterale DX fra veicoli in marcia;Incrocio;Due carreggiate;Asciutto;Asfaltata;Verticale ed orizzontale;Sereno;Normale;Buona;Ore Diurne;2;0;0;1;12,58479;41,9326;-1;2;Autovettura di polizia;In marcia / fermata / arresto;Passeggero;M;Illeso;0;;Non accertato;
3418191;11;03/08/2017 07:35;Strada Urbana;VIA OSTIENSE;in prossimità;;del palo luce n.;230;;Scontro frontale/laterale SX fra veicoli in marcia;Rettilineo;Una carreggiata a senso unico di marcia;Asciutto;Asfaltata;Verticale ed orizzontale;Sereno;Normale;Buona;Ore Diurne;2;0;0;1;12,47215;41,84581;-1;1;Autovettura privata;In marcia / fermata / arresto;Conducente;M;Illeso;0;;Non accertato;Esploso
3418191;11;03/08/2017 07:35;Strada Urbana;VIA OSTIENSE;in prossimità;;del palo luce n.;230;;Scontro frontale/laterale SX fra veicoli in marcia;Rettilineo;Una carreggiata a senso unico di marcia;Asciutto;Asfaltata;Verticale ed orizzontale;Sereno;Normale;Buona;Ore Diurne;2;0;0;1;12,47215;41,84581;-1;1;Autovettura privata;In marcia / fermata / arresto;Passeggero;M;Rimandato;0;NON DECEDUTO;Non accertato;Esploso
3418191;11;03/08/2017 07:35;Strada Urbana;VIA OSTIENSE;in prossimità;;del palo luce n.;230;;Scontro frontale/laterale SX fra veicoli in marcia;Rettilineo;Una carreggiata a senso unico di marcia;Asciutto;Asfaltata;Verticale ed orizzontale;Sereno;Normale;Buona;Ore Diurne;2;0;0;1;12,47215;41,84581;-1;2;Autocarro inferiore 35 q.;In marcia / fermata / arresto;Conducente;M;Rifiuta cure immediate;0;NON DECEDUTO;Non accertato;
3418195;5;03/08/2017 17:30;Strada Urbana;VIALE PALMIRO TOGLIATTI;da specificare;;;;Uscita A24 dir. via E. Franceschini;Scontro frontale/laterale SX fra veicoli in marcia;Rettilineo;Due carreggiate;Asciutto;Asfaltata;Verticale ed orizzontale;Sereno;Normale;Buona;Ore Diurne;0;0;0;2;12,5731;41,90838;-1;1;Autovettura privata;In marcia / fermata / arresto;Conducente;M;Illeso;0;;Non accertato;Inesploso
3418195;5;03/08/2017 17:30;Strada Urbana;VIALE PALMIRO TOGLIATTI;da specificare;;;;Uscita A24 dir. via E. Franceschini;Scontro frontale/laterale SX fra veicoli in marcia;Rettilineo;Due carreggiate;Asciutto;Asfaltata;Verticale ed orizzontale;Sereno;Normale;Buona;Ore Diurne;0;0;0;2;12,5731;41,90838;-1;2;Autovettura privata;In marcia / fermata / arresto;Conducente;F;Illeso;0;;Non accertato;Inesploso
3418199;10;03/08/2017 23:55;Strada Urbana;VIA CESARE BARONIO;in corrispondenza;;del civico n.;167;;Scontro laterale fra veicoli in marcia;Rettilineo;Una carreggiata a senso unico di marcia;Asciutto;Asfaltata;Verticale ed orizzontale;Sereno;Normale;Sufficiente;Sufficiente;0;0;0;1;12,51715;41,87024;-1;1;Autovettura privata;In marcia / fermata / arresto;Conducente;F;Illeso;0;;Non accertato;Inesploso
3418207;5;03/08/2017 18:20;Strada Urbana;VIA DEL CASALE DI S. BASILIO;all'intersezione semaforizzata con;VIA POLLENZA;VIA POLLENZA;;;Scontro laterale fra veicoli in marcia;Intersezione semaforizzata;Una carreggiata a doppio senso;Asciutto;Asfaltata;Verticale ed orizzontale;Sereno;Normale;Buona;Ore Diurne;0;0;0;4;12,5749;41,94086;-1;1;Autovettura privata;In marcia / fermata / arresto;Conducente;M;Illeso;0;;Non accertato;Inesploso
3418207;5;03/08/2017 18:20;Strada Urbana;VIA DEL CASALE DI S. BASILIO;all'intersezione semaforizzata con;VIA POLLENZA;VIA POLLENZA;;;Scontro laterale fra veicoli in marcia;Intersezione semaforizzata;Una carreggiata a doppio senso;Asciutto;Asfaltata;Verticale ed orizzontale;Sereno;Normale;Buona;Ore Diurne;0;0;0;4;12,5749;41,94086;-1;1;Autovettura privata;In marcia / fermata / arresto;Passeggero;F;Illeso;0;;Non accertato;Inesploso
3418207;5;03/08/2017 18:20;Strada Urbana;VIA DEL CASALE DI S. BASILIO;all'intersezione semaforizzata con;VIA POLLENZA;VIA POLLENZA;;;Scontro laterale fra veicoli in marcia;Intersezione semaforizzata;Una carreggiata a doppio senso;Asciutto;Asfaltata;Verticale ed orizzontale;Sereno;Normale;Buona;Ore Diurne;0;0;0;4;12,5749;41,94086;-1;1;Autovettura privata;In marcia / fermata / arresto;Passeggero;M;Illeso;0;;Non accertato;Inesploso
3418207;5;03/08/2017 18:20;Strada Urbana;VIA DEL CASALE DI S. BASILIO;all'intersezione semaforizzata con;VIA POLLENZA;VIA POLLENZA;;;Scontro laterale fra veicoli in marcia;Intersezione semaforizzata;Una carreggiata a doppio senso;Asciutto;Asfaltata;Verticale ed orizzontale;Sereno;Normale;Buona;Ore Diurne;0;0;0;4;12,5749;41,94086;-1;1;Autovettura privata;In marcia / fermata / arresto;Passeggero;F;Illeso;0;;Non accertato;Inesploso
3418209;20;03/08/2017 09:10;Strada Urbana;VIA CAMPORGIANO;in corrispondenza;;del civico n.;13;;Scontro laterale fra veicoli in marcia;Rettilineo;Una carreggiata a doppio senso;Asciutto;Asfaltata;Assente;Sereno;Scarso;Buona;Ore Diurne;0;0;0;2;12,43963;41,97608;-1;1;Autovettura privata;In marcia / fermata / arresto;Conducente;F;Illeso;0;;;
3418209;20;03/08/2017 09:10;Strada Urbana;VIA CAMPORGIANO;in corrispondenza;;del civico n.;13;;Scontro laterale fra veicoli in marcia;Rettilineo;Una carreggiata a doppio senso;Asciutto;Asfaltata;Assente;Sereno;Scarso;Buona;Ore Diurne;0;0;0;2;12,43963;41,97608;-1;2;Autovettura privata;In marcia / fermata / arresto;Conducente;M;Illeso;0;;;
3418216;2;04/08/2017 02:45;Strada Urbana;VIA DEL FORO ITALICO;in prossimità;;del palo luce n.;295;;Veicolo in marcia contro ostacolo fisso;Curva senza visuale libera;Due carreggiate;Asciutto;Asfaltata;Verticale ed orizzontale;Sereno;Scarso;Sufficiente;Sufficiente;0;1;0;0;12,50792;41,93774;-1;1;Motociclo a solo;In marcia / fermata / arresto;Conducente;M;Prognosi riservata;0;NON DECEDUTO;;
3418228;10;04/08/2017 06:55;Strada Urbana;VIA DELLE CAPANNELLE;all'intersezione con;VIA LUCREZIA ROMANA;VIA LUCREZIA ROMANA;;;Scontro frontale/laterale DX fra veicoli in marcia;Incrocio;Una carreggiata a doppio senso;Asciutto;Asfaltata;Verticale ed orizzontale;Sereno;Normale;Buona;Ore Diurne;1;0;0;1;12,57095;41,83508;-1;1;Autovettura privata;In marcia / fermata / arresto;Conducente;M;Rimandato;0;NON DECEDUTO;Non accertato;Inesploso
3418228;10;04/08/2017 06:55;Strada Urbana;VIA DELLE CAPANNELLE;all'intersezione con;VIA LUCREZIA ROMANA;VIA LUCREZIA ROMANA;;;Scontro frontale/laterale DX fra veicoli in marcia;Incrocio;Una carreggiata a doppio senso;Asciutto;Asfaltata;Verticale ed orizzontale;Sereno;Normale;Buona;Ore Diurne;1;0;0;1;12,57095;41,83508;-1;2;Autovettura privata;In marcia / fermata / arresto;Conducente;F;Illeso;0;;Non accertato;Inesploso