Protocollo;Gruppo;DataOraIncidente;Localizzazione1;STRADA1;Localizzazione2;STRADA2;Strada02;Chilometrica;DaSpecificare;NaturaIncidente;particolaritastrade;TipoStrada;FondoStradale;Pavimentazione;Segnaletica;CondizioneAtmosferica;Traffico;Visibilita;Illuminazione;NUM_FERITI;NUM_RISERVATA;NUM_MORTI;NUM_ILLESI;Longitudine;Latitudine;Confermato;Progressivo;TipoVeicolo;StatoVeicolo;TipoPersona;Sesso;Tipolesione;Deceduto;DecedutoDopo;CinturaCascoUtilizzato;Airbag
3419315;1;05/08/2017 02:55;Strada Urbana;VIALE MANZONI;all'intersezione con;PIAZZA DI S. CROCE IN GERUSALEMME;PIAZZA DI S. CROCE IN GERUSALEMME;;;Scontro frontale/laterale DX fra veicoli in marcia;Incrocio;Una carreggiata a doppio senso;Asciutto;Asfaltata;Verticale;Sereno;Scarso;Sufficiente;Sufficiente;0;0;0;5;12,50873;41,8921;-1;1;Autovettura privata;In marcia / fermata / arresto;Passeggero;F;Illeso;0;;Non accertato;Inesploso
3419315;1;05/08/2017 02:55;Strada Urbana;VIALE MANZONI;all'intersezione con;PIAZZA DI S. CROCE IN GERUSALEMME;PIAZZA DI S. CROCE IN GERUSALEMME;;;Scontro frontale/laterale DX fra veicoli in marcia;Incrocio;Una carreggiata a doppio senso;Asciutto;Asfaltata;Verticale;Sereno;Scarso;Sufficiente;Sufficiente;0;0;0;5;12,50873;41,8921;-1;2;Autovettura privata;In marcia / fermata / arresto;Conducente;M;Illeso;0;;Non accertato;Inesploso
3419315;1;05/08/2017 02:55;Strada Urbana;VIALE MANZONI;all'intersezione con;PIAZZA DI S. CROCE IN GERUSALEMME;PIAZZA DI S. CROCE IN GERUSALEMME;;;Scontro frontale/laterale DX fra veicoli in marcia;Incrocio;Una carreggiata a doppio senso;Asciutto;Asfaltata;Verticale;Sereno;Scarso;Sufficiente;Sufficiente;0;0;0;5;12,50873;41,8921;-1;2;Autovettura privata;In marcia / fermata / arresto;Passeggero;M;Illeso;0;;Non accertato;Inesploso
3419315;1;05/08/2017 02:55;Strada Urbana;VIALE MANZONI;all'intersezione con;PIAZZA DI S. CROCE IN GERUSALEMME;PIAZZA DI S. CROCE IN GERUSALEMME;;;Scontro frontale/laterale DX fra veicoli in marcia;Incrocio;Una carreggiata a doppio senso;Asciutto;Asfaltata;Verticale;Sereno;Scarso;Sufficiente;Sufficiente;0;0;0;5;12,50873;41,8921;-1;2;Autovettura privata;In marcia / fermata / arresto;Passeggero;M;Illeso;0;;Non accertato;Inesploso
3419329;1;04/08/2017 05:00;Strada Urbana;PORTO DI RIPA GRANDE;in corrispondenza;;del civico n.;56;;Veicolo in marcia contro ostacolo fisso;Rettilineo;Due carreggiate;Asciutto;Asfaltata;Verticale ed orizzontale;Sereno;Scarso;Sufficiente;Sufficiente;0;0;0;1;12,47729;41,88596;-1;1;Autovettura privata;In marcia / fermata / arresto;Conducente;F;Illeso;0;;;
3419337;10;05/08/2017 08:00;Strada Urbana;VIA CRASSO;in corrispondenza;;del civico n.;25;;Veicolo in marcia contro veicolo in sosta;Rettilineo;Una carreggiata a senso unico di marcia;Asciutto;Asfaltata;Assente;Sereno;Scarso;Buona;Ore Diurne;0;0;0;1;12,54116;41,83978;-1;1;Autovettura privata;In marcia / fermata / arresto;Conducente;M;Illeso;0;;Non accertato;Inesploso
3419341;1;04/08/2017 20:00;Strada Urbana;VICOLO DI S. FRANCESCO DI SALES;all'intersezione con;VIA DI S. FRANCESCO DI SALES;VIA DI S. FRANCESCO DI SALES;;;Scontro frontale/laterale DX fra veicoli in marcia;Incrocio;Una carreggiata a senso unico di marcia;Asciutto;Asfaltata;Verticale ed orizzontale;Sereno;Normale;Sufficiente;Sufficiente;1;0;0;2;12,46252;41,89438;-1;1;Autovettura privata;In marcia / fermata / arresto;Conducente;M;Illeso;0;;Utilizzato;Inesploso
3419341;1;04/08/2017 20:00;Strada Urbana;VICOLO DI S. FRANCESCO DI SALES;all'intersezione con;VIA DI S. FRANCESCO DI SALES;VIA DI S. FRANCESCO DI SALES;;;Scontro frontale/laterale DX fra veicoli in marcia;Incrocio;Una carreggiata a senso unico di marcia;Asciutto;Asfaltata;Verticale ed orizzontale;Sereno;Normale;Sufficiente;Sufficiente;1;0;0;2;12,46252;41,89438;-1;1;Autovettura privata;In marcia / fermata / arresto;Passeggero;F;Illeso;0;;Utilizzato;Inesploso
3419341;1;04/08/2017 20:00;Strada Urbana;VICOLO DI S. FRANCESCO DI SALES;all'intersezione con;VIA DI S. FRANCESCO DI SALES;VIA DI S. FRANCESCO DI SALES;;;Scontro frontale/laterale DX fra veicoli in marcia;Incrocio;Una carreggiata a senso unico di marcia;Asciutto;Asfaltata;Verticale ed orizzontale;Sereno;Normale;Sufficiente;Sufficiente;1;0;0;2;12,46252;41,89438;-1;2;Ciclomotore;In marcia / fermata / arresto;Conducente;F;Rimandato;0;NON DECEDUTO;Utilizzato;
3419350;18;05/08/2017 05:55;Statale;VIA AURELIA;in corrispondenza;;della chilometrica;9.6;;Veicolo in marcia contro ostacolo fisso;Rettilineo;Una carreggiata a senso unico di marcia;Asciutto;Asfaltata;Verticale ed orizzontale;Sereno;Scarso;Buona;Ore Diurne;0;1;0;1;12,38782;41,88647;-1;1;Autovettura privata;In marcia / fermata / arresto;Conducente;F;Prognosi riservata;0;NON DECEDUTO;Utilizzato;Inesistente
3419350;18;05/08/2017 05:55;Statale;VIA AURELIA;in corrispondenza;;della chilometrica;9.6;;Veicolo in marcia contro ostacolo fisso;Rettilineo;Una carreggiata a senso unico di marcia;Asciutto;Asfaltata;Verticale ed orizzontale;Sereno;Scarso;Buona;Ore Diurne;0;1;0;1;12,38782;41,88647;-1;1;Autovettura privata;In marcia / fermata / arresto;Passeggero;F;Illeso;0;;Utilizzato;Inesploso
3419366;12;04/08/2017 17:45;Strada Urbana;VIA TOMMASO ARCIDIACONO;in corrispondenza;;del civico n.;119;;Scontro frontale/laterale DX fra veicoli in marcia;Rettilineo;Una carreggiata a senso unico di marcia;Asciutto;Asfaltata;Assente;Sereno;Scarso;Buona;Ore Diurne;0;0;0;2;12,50941;41,82304;-1;1;Autovettura privata;In marcia / fermata / arresto;Conducente;F;Illeso;0;;Utilizzato;Inesploso
3419366;12;04/08/2017 17:45;Strada Urbana;VIA TOMMASO ARCIDIACONO;in corrispondenza;;del civico n.;119;;Scontro frontale/laterale DX fra veicoli in marcia;Rettilineo;Una carreggiata a senso unico di marcia;Asciutto;Asfaltata;Assente;Sereno;Scarso;Buona;Ore Diurne;0;0;0;2;12,50941;41,82304;-1;2;Autovettura privata;In marcia / fermata / arresto;Conducente;M;Illeso;0;;Utilizzato;Inesploso
3419371;12;04/08/2017 14:00;Provinciale entro l'abitato;VIA LAURENTINA;da specificare;;;;rotatoria alt. via di Vallerano;Veicolo in marcia contro ostacolo accidentale;Rotatoria;Una carreggiata a senso unico di marcia;Viscido da liquidi oleosi;Asfaltata;Verticale ed orizzontale;Sereno;Normale;Buona;Ore Diurne;0;0;0;1;12,50918;41,72716;-1;1;Motociclo a solo;In marcia / fermata / arresto;Conducente;M;Illeso;0;;Utilizzato;
3419405;2;04/08/2017 07:50;Strada Urbana;CIRCONVALLAZIONE SALARIA;da specificare;;;;rampa uscita Salaria-GRA;Veicolo in marcia contro ostacolo accidentale;Curva a visuale libera;Una carreggiata a senso unico di marcia;Viscido da liquidi oleosi;Asfaltata;Verticale ed orizzontale;Sereno;Scarso;Buona;Ore Diurne;0;0;0;1;12,52085;41,93447;-1;1;Motociclo a solo;In marcia / fermata / arresto;Conducente;M;Illeso;0;;;
3419407;15;04/08/2017 20:00;Strada Urbana;VIA PORTUENSE;da specificare;;;;30 metri dopo il palo fermata mezzi publici n°7294;Tamponamento;Pendenza;Due carreggiate;Asciutto;Asfaltata;Assente;Sereno;Normale;Buona;Ore Diurne;0;0;0;3;12,35585;41,82718;-1;1;Autocarro inferiore 35 q.;In marcia / fermata / arresto;Conducente;M;Illeso;0;;;
3419407;15;04/08/2017 20:00;Strada Urbana;VIA PORTUENSE;da specificare;;;;30 metri dopo il palo fermata mezzi publici n°7294;Tamponamento;Pendenza;Due carreggiate;Asciutto;Asfaltata;Assente;Sereno;Normale;Buona;Ore Diurne;0;0;0;3;12,35585;41,82718;-1;1;Autocarro inferiore 35 q.;In marcia / fermata / arresto;Passeggero;M;Illeso;0;;;
3419407;15;04/08/2017 20:00;Strada Urbana;VIA PORTUENSE;da specificare;;;;30 metri dopo il palo fermata mezzi publici n°7294;Tamponamento;Pendenza;Due carreggiate;Asciutto;Asfaltata;Assente;Sereno;Normale;Buona;Ore Diurne;0;0;0;3;12,35585;41,82718;-1;2;Autovettura privata;In marcia / fermata / arresto;Conducente;M;Illeso;0;;;
3419421;15;04/08/2017 17:20;Strada Urbana;VIA DELLA MAGLIANA;all'intersezione con;VIA CAPRESE;VIA CAPRESE;;;Scontro frontale/laterale SX fra veicoli in marcia;Incrocio;Una carreggiata a doppio senso;Asciutto;Asfaltata;Verticale ed orizzontale;Sereno;Normale;Buona;Ore Diurne;0;0;0;3;12,4243;41,83404;-1;1;Autovettura privata;In marcia / fermata / arresto;Conducente;F;Illeso;0;;Utilizzato;Inesploso
3419421;15;04/08/2017 17:20;Strada Urbana;VIA DELLA MAGLIANA;all'intersezione con;VIA CAPRESE;VIA CAPRESE;;;Scontro frontale/laterale SX fra veicoli in marcia;Incrocio;Una carreggiata a doppio senso;Asciutto;Asfaltata;Verticale ed orizzontale;Sereno;Normale;Buona;Ore Diurne;0;0;0;3;12,4243;41,83404;-1;1;Autovettura privata;In marcia / fermata / arresto;Passeggero;M;Illeso;0;;Utilizzato;Inesploso
3419421;15;04/08/2017 17:20;Strada Urbana;VIA DELLA MAGLIANA;all'intersezione con;VIA CAPRESE;VIA CAPRESE;;;Scontro frontale/laterale SX fra veicoli in marcia;Incrocio;Una carreggiata a doppio senso;Asciutto;Asfaltata;Verticale ed orizzontale;Sereno;Normale;Buona;Ore Diurne;0;0;0;3;12,4243;41,83404;-1;2;Autovettura privata;In marcia / fermata / arresto;Conducente;M;Illeso;0;;;
3419438;12;03/08/2017 23:25;Strada Urbana;VIA LAURENTINA;all'intersezione con;VIA DI TOR PAGNOTTA;VIA DI TOR PAGNOTTA;;;Infortunio per caduta del veicolo;Intersezione semaforizzata;Due carreggiate;Viscido da liquidi oleosi;Asfaltata;Verticale ed orizzontale;Sereno;Scarso;Sufficiente;Sufficiente;0;0;0;1;12,50918;41,72716;-1;1;Motociclo a solo;In marcia / fermata / arresto;Conducente;M;Illeso;0;;Utilizzato;
3419629;7;04/08/2017 16:50;Strada Urbana;VIA DEI CICLAMINI;in corrispondenza;;del civico n.;204;;Veicolo in marcia contro veicolo in sosta;Rettilineo;Una carreggiata a doppio senso;Asciutto;Asfaltata;Orizzontale;Sereno;Scarso;Buona;Ore Diurne;0;0;0;1;12,56529;41,89367;-1;1;Autovettura privata;In marcia / fermata / arresto;Conducente;M;Illeso;0;;Non accertato;Inesploso
3419636;2;05/08/2017 12:30;Strada Urbana;VIALE DEL GIARDINO ZOOLOGICO;da specificare;;;;alt. p.le Pablo Picasso;Ribaltamento senza urto contro ostacolo fisso;Rettilineo;Una carreggiata a senso unico di marcia;Asciutto;Asfaltata;Verticale ed orizzontale;Sereno;Scarso;Buona;Ore Diurne;1;0;0;1;12,48687;41,91701;-1;1;Velocipede;In marcia / fermata / arresto;Conducente;F;Rimandato;0;NON DECEDUTO;Esente;
3419636;2;05/08/2017 12:30;Strada Urbana;VIALE DEL GIARDINO ZOOLOGICO;da specificare;;;;alt. p.le Pablo Picasso;Ribaltamento senza urto contro ostacolo fisso;Rettilineo;Una carreggiata a senso unico di marcia;Asciutto;Asfaltata;Verticale ed orizzontale;Sereno;Scarso;Buona;Ore Diurne;1;0;0;1;12,48687;41,91701;-1;1;Velocipede;In marcia / fermata / arresto;Passeggero;M;Illeso;0;;Esente;
3419679;12;05/08/2017 03:00;Strada Urbana;VIALE DEI CADUTI PER LA RESISTENZA;in prossimità;;del civico n.;739;;Veicolo in marcia contro veicoli in sosta;Rettilineo;Una carreggiata a senso unico di marcia;Asciutto;Asfaltata;Verticale ed orizzontale;Sereno;Scarso;Buona;Sufficiente;0;0;0;1;12,44051;41,78085;-1;3;Autovettura privata;In marcia / fermata / arresto;Conducente;F;Illeso;0;;Utilizzato;Inesploso
3419690;7;03/08/2017 22:50;Strada Urbana;VIA DI TOR CERVARA;in prossimità;;del civico n.;282/A;;Scontro frontale/laterale SX fra veicoli in marcia;Rettilineo;Una carreggiata a doppio senso;Asciutto;Asfaltata;Assente;Sereno;Scarso;Buona;Sufficiente;0;0;0;2;12,58824;41,90927;-1;1;Autovettura privata;In marcia / fermata / arresto;Conducente;M;Illeso;0;;Non accertato;Inesploso
3419690;7;03/08/2017 22:50;Strada Urbana;VIA DI TOR CERVARA;in prossimità;;del civico n.;282/A;;Scontro frontale/laterale SX fra veicoli in marcia;Rettilineo;Una carreggiata a doppio senso;Asciutto;Asfaltata;Assente;Sereno;Scarso;Buona;Sufficiente;0;0;0;2;12,58824;41,90927;-1;2;Autovettura privata;In marcia / fermata / arresto;Conducente;M;Illeso;0;;Non accertato;Inesploso
3419692;12;05/08/2017 11:00;Strada Urbana;VIA DELLE TRE FONTANE;all'intersezione con;VIALE DEL PATTINAGGIO;VIALE DEL PATTINAGGIO;;;Scontro frontale/laterale SX fra veicoli in marcia;Intersezione semaforizzata;Una carreggiata a doppio senso;Asciutto;Asfaltata;Verticale ed orizzontale;Sereno;Normale;Buona;Ore Diurne;0;0;0;2;12,47341;41,83939;-1;1;Autovettura privata;In marcia / fermata / arresto;Conducente;M;Illeso;0;;;
3419692;12;05/08/2017 11:00;Strada Urbana;VIA DELLE TRE FONTANE;all'intersezione con;VIALE DEL PATTINAGGIO;VIALE DEL PATTINAGGIO;;;Scontro frontale/laterale SX fra veicoli in marcia;Intersezione semaforizzata;Una carreggiata a doppio senso;Asciutto;Asfaltata;Verticale ed orizzontale;Sereno;Normale;Buona;Ore Diurne;0;0;0;2;12,47341;41,83939;-1;2;Autovettura privata;In marcia / fermata / arresto;Conducente;M;Illeso;0;;;
3419696;13;04/08/2017 17:30;Strada Urbana;VIA ARISTIDE CARABELLI;in prossimità;;del civico n.;7;;Scontro laterale fra veicoli in marcia;Rettilineo;Due carreggiate;Asciutto;Asfaltata;Orizzontale;Sereno;Normale;Buona;Ore Diurne;0;0;0;2;12,26893;41,73692;-1;1;Autovettura privata;In marcia / fermata / arresto;Conducente;F;Illeso;0;;Non accertato;Inesploso
3419696;13;04/08/2017 17:30;Strada Urbana;VIA ARISTIDE CARABELLI;in prossimità;;del civico n.;7;;Scontro laterale fra veicoli in marcia;Rettilineo;Due carreggiate;Asciutto;Asfaltata;Orizzontale;Sereno;Normale;Buona;Ore Diurne;0;0;0;2;12,26893;41,73692;-1;2;Autovettura privata;In marcia / fermata / arresto;Conducente;M;Illeso;0;;Non accertato;Inesploso
3419710;13;04/08/2017 17:40;Strada Urbana;VIA DI ACILIA;da specificare;;;;PROX VIA ARCHILOCO;Veicolo in marcia contro ostacolo accidentale;Rettilineo;Una carreggiata a doppio senso;Asciutto;Asfaltata;Verticale;Sereno;Normale;Buona;Ore Diurne;0;0;0;3;12,37143;41,77369;-1;1;Autovettura privata;In marcia / fermata / arresto;Conducente;F;Illeso;0;;Non accertato;Inesploso
3419710;13;04/08/2017 17:40;Strada Urbana;VIA DI ACILIA;da specificare;;;;PROX VIA ARCHILOCO;Veicolo in marcia contro ostacolo accidentale;Rettilineo;Una carreggiata a doppio senso;Asciutto;Asfaltata;Verticale;Sereno;Normale;Buona;Ore Diurne;0;0;0;3;12,37143;41,77369;-1;1;Autovettura privata;In marcia / fermata / arresto;Passeggero;M;Illeso;0;;Non accertato;Inesploso
3419710;13;04/08/2017 17:40;Strada Urbana;VIA DI ACILIA;da specificare;;;;PROX VIA ARCHILOCO;Veicolo in marcia contro ostacolo accidentale;Rettilineo;Una carreggiata a doppio senso;Asciutto;Asfaltata;Verticale;Sereno;Normale;Buona;Ore Diurne;0;0;0;3;12,37143;41,77369;-1;1;Autovettura privata;In marcia / fermata / arresto;Passeggero;F;Illeso;0;;Non accertato;Inesploso
3419723;12;04/08/2017 12:00;Strada Urbana;VIA DI PORTA MEDAGLIA;in prossimità;;del civico n.;195;;Scontro frontale fra veicoli in marcia;Rettilineo;Una carreggiata a doppio senso;Asciutto;Strada pavimentata dissestata;Verticale ed orizzontale;Sereno;Normale;Buona;Ore Diurne;1;0;0;1;12,53673;41,75619;-1;1;Autocarro inferiore 35 q.;In marcia / fermata / arresto;Conducente;M;Illeso;0;;Non accertato;Inesploso
3419723;12;04/08/2017 12:00;Strada Urbana;VIA DI PORTA MEDAGLIA;in prossimità;;del civico n.;195;;Scontro frontale fra veicoli in marcia;Rettilineo;Una carreggiata a doppio senso;Asciutto;Strada pavimentata dissestata;Verticale ed orizzontale;Sereno;Normale;Buona;Ore Diurne;1;0;0;1;12,53673;41,75619;-1;2;Autovettura privata;In marcia / fermata / arresto;Conducente;F;Ricoverato;0;NON DECEDUTO;Non accertato;Esploso
3419730;7;04/08/2017 17:20;Strada Urbana;VIA DEL GRANO;in corrispondenza;;del civico n.;3;;Veicolo in marcia contro veicolo in sosta;Rettilineo;Una carreggiata a senso unico di marcia;Asciutto;Asfaltata;Assente;Sereno;Normale;Buona;Ore Diurne;0;0;0;1;12,57653;41,87261;-1;2;Autovettura privata;In marcia / fermata / arresto;Conducente;M;Illeso;0;;Non accertato;Inesploso
3419732;13;04/08/2017 10:45;Strada Urbana;VIA DI DRAGONE;in corrispondenza;;del civico n.;484;;Veicolo in marcia contro veicolo fermo;Rettilineo;Una carreggiata a doppio senso;Asciutto;Asfaltata;Verticale ed orizzontale;Sereno;Normale;Buona;Ore Diurne;0;0;0;2;12,32813;41,78933;-1;1;Autovettura privata;In marcia / fermata / arresto;Conducente;M;Illeso;0;;Non accertato;Inesploso
3419732;13;04/08/2017 10:45;Strada Urbana;VIA DI DRAGONE;in corrispondenza;;del civico n.;484;;Veicolo in marcia contro veicolo fermo;Rettilineo;Una carreggiata a doppio senso;Asciutto;Asfaltata;Verticale ed orizzontale;Sereno;Normale;Buona;Ore Diurne;0;0;0;2;12,32813;41,78933;-1;2;Autovettura privata;In marcia / fermata / arresto;Conducente;M;Illeso;0;;Non accertato;Inesploso
3419750;7;04/08/2017 18:20;Strada Urbana;VIA GIOVANNI GUSSONE;in prossimità;;del civico n.;10;;Veicolo in marcia contro veicolo in sosta;Rettilineo;Una carreggiata a senso unico di marcia;Asciutto;Asfaltata;Assente;Sereno;Scarso;Buona;Ore Diurne;0;0;0;1;12,56315;41,89303;-1;1;Autovettura privata;In marcia / fermata / arresto;Conducente;F;Illeso;0;;Non accertato;Inesploso
3419752;13;05/08/2017 11:15;Strada Urbana;VIALE VASCO DE GAMA;da specificare;;;;altezza Via dei Panfili;Veicolo in marcia contro veicolo in sosta;Rettilineo;Due carreggiate;Asciutto;Asfaltata;Verticale ed orizzontale;Sereno;Normale;Buona;Ore Diurne;1;0;0;0;12,27395;41,73484;-1;2;Motociclo a solo;In marcia / fermata / arresto;Conducente;M;Rimandato;0;NON DECEDUTO;Non accertato;
3419786;7;04/08/2017 19:30;Strada Urbana;VIALE PALMIRO TOGLIATTI;in prossimità;;del civico n.;714;;Tamponamento Multiplo;Rettilineo;Due carreggiate;Asciutto;Asfaltata;Verticale ed orizzontale;Sereno;Normale;Buona;Ore Diurne;0;0;0;4;12,57346;41,88109;-1;1;Autocarro inferiore 35 q.;In marcia / fermata / arresto;Conducente;M;Illeso;0;;Non accertato;Inesploso
3419786;7;04/08/2017 19:30;Strada Urbana;VIALE PALMIRO TOGLIATTI;in prossimità;;del civico n.;714;;Tamponamento Multiplo;Rettilineo;Due carreggiate;Asciutto;Asfaltata;Verticale ed orizzontale;Sereno;Normale;Buona;Ore Diurne;0;0;0;4;12,57346;41,88109;-1;2;Autovettura privata;In marcia / fermata / arresto;Conducente;F;Illeso;0;;Non accertato;Inesploso
3419786;7;04/08/2017 19:30;Strada Urbana;VIALE PALMIRO TOGLIATTI;in prossimità;;del civico n.;714;;Tamponamento Multiplo;Rettilineo;Due carreggiate;Asciutto;Asfaltata;Verticale ed orizzontale;Sereno;Normale;Buona;Ore Diurne;0;0;0;4;12,57346;41,88109;-1;2;Autovettura privata;In marcia / fermata / arresto;Passeggero;F;Illeso;0;;Non accertato;Inesploso
3419786;7;04/08/2017 19:30;Strada Urbana;VIALE PALMIRO TOGLIATTI;in prossimità;;del civico n.;714;;Tamponamento Multiplo;Rettilineo;Due carreggiate;Asciutto;Asfaltata;Verticale ed orizzontale;Sereno;Normale;Buona;Ore Diurne;0;0;0;4;12,57346;41,88109;-1;3;Autovettura privata;In marcia / fermata / arresto;Conducente;F;Illeso;0;;Non accertato;Inesploso
3420058;10;06/08/2017 00:20;Strada Urbana;VIALE DELLA SORBONA;in prossimità;;del civico n.;501;;Fuoriuscita dalla sede stradale;Rotatoria;Due carreggiate;Asciutto;Asfaltata;Verticale ed orizzontale;Sereno;Normale;Buona;Sufficiente;0;1;0;0;12,61209;41,85466;-1;1;Motociclo a solo;In marcia / fermata / arresto;Conducente;M;Prognosi riservata;0;NON DECEDUTO;;
3420067;8;05/08/2017 14:15;Strada Urbana;VIALE DEI ROMANISTI;all'intersezione con;VIA PIETRO SOMMARIVA;VIA PIETRO SOMMARIVA;;;Scontro frontale/laterale DX fra veicoli in marcia;Incrocio;Due carreggiate;Asciutto;Asfaltata;Verticale ed orizzontale;Sereno;Scarso;Buona;Ore Diurne;2;0;0;0;12,5774;41,86752;-1;1;Autovettura privata;In marcia / fermata / arresto;Conducente;M;Rifiuta cure immediate;0;NON DECEDUTO;Non accertato;Esploso
3420067;8;05/08/2017 14:15;Strada Urbana;VIALE DEI ROMANISTI;all'intersezione con;VIA PIETRO SOMMARIVA;VIA PIETRO SOMMARIVA;;;Scontro frontale/laterale DX fra veicoli in marcia;Incrocio;Due carreggiate;Asciutto;Asfaltata;Verticale ed orizzontale;Sereno;Scarso;Buona;Ore Diurne;2;0;0;0;12,5774;41,86752;-1;2;Motociclo a solo;In marcia / fermata / arresto;Conducente;M;Rimandato;0;NON DECEDUTO;Non accertato;
3420069;12;06/08/2017 03:15;Strada Urbana;VIA CIRO IL GRANDE;all'intersezione con;VIALE DELLA CIVILTA' DEL LAVORO;VIALE DELLA CIVILTA' DEL LAVORO;;;Veicolo in marcia contro veicoli in sosta;Incrocio;Una carreggiata a doppio senso;Asciutto;Asfaltata;Verticale ed orizzontale;Sereno;Scarso;Buona;Sufficiente;0;0;0;3;12,4688;41,8358;-1;1;Autovettura privata;In marcia / fermata / arresto;Conducente;M;Illeso;0;;Utilizzato;Inesploso
3420069;12;06/08/2017 03:15;Strada Urbana;VIA CIRO IL GRANDE;all'intersezione con;VIALE DELLA CIVILTA' DEL LAVORO;VIALE DELLA CIVILTA' DEL LAVORO;;;Veicolo in marcia contro veicoli in sosta;Incrocio;Una carreggiata a doppio senso;Asciutto;Asfaltata;Verticale ed orizzontale;Sereno;Scarso;Buona;Sufficiente;0;0;0;3;12,4688;41,8358;-1;1;Autovettura privata;In marcia / fermata / arresto;Passeggero;F;Illeso;0;;Utilizzato;Inesploso
3420069;12;06/08/2017 03:15;Strada Urbana;VIA CIRO IL GRANDE;all'intersezione con;VIALE DELLA CIVILTA' DEL LAVORO;VIALE DELLA CIVILTA' DEL LAVORO;;;Veicolo in marcia contro veicoli in sosta;Incrocio;Una carreggiata a doppio senso;Asciutto;Asfaltata;Verticale ed orizzontale;Sereno;Scarso;Buona;Sufficiente;0;0;0;3;12,4688;41,8358;-1;1;Autovettura privata;In marcia / fermata / arresto;Passeggero;F;Illeso;0;;Utilizzato;Esploso
3420070;8;05/08/2017 09:00;Statale entro l'abitato;VIA CASILINA;in corrispondenza;;del civico n.;1858;;Investimento di pedone;Rettilineo;Una carreggiata a doppio senso;Asciutto;Asfaltata;Verticale ed orizzontale;Sereno;Normale;Buona;Ore Diurne;2;0;0;1;12,68688;41,86241;-1;;;;Pedone;F;Rimandato;0;NON DECEDUTO;;
3420070;8;05/08/2017 09:00;Statale entro l'abitato;VIA CASILINA;in corrispondenza;;del civico n.;1858;;Investimento di pedone;Rettilineo;Una carreggiata a doppio senso;Asciutto;Asfaltata;Verticale ed orizzontale;Sereno;Normale;Buona;Ore Diurne;2;0;0;1;12,68688;41,86241;-1;;;;Pedone;F;Rimandato;0;NON DECEDUTO;;
3420070;8;05/08/2017 09:00;Statale entro l'abitato;VIA CASILINA;in corrispondenza;;del civico n.;1858;;Investimento di pedone;Rettilineo;Una carreggiata a doppio senso;Asciutto;Asfaltata;Verticale ed orizzontale;Sereno;Normale;Buona;Ore Diurne;2;0;0;1;12,68688;41,86241;-1;1;Autovettura privata;In marcia / fermata / arresto;Conducente;M;Illeso;0;;Non accertato;Inesploso
3420071;8;05/08/2017 10:15;Statale entro l'abitato;VIA CASILINA;in corrispondenza;;del civico n.;1892;;Scontro frontale/laterale DX fra veicoli in marcia;Rettilineo;Una carreggiata a doppio senso;Asciutto;Asfaltata;Verticale ed orizzontale;Sereno;Normale;Buona;Ore Diurne;1;0;0;2;12,69202;41,86381;-1;1;Autovettura privata;In marcia / fermata / arresto;Conducente;M;Illeso;0;;Non accertato;Inesploso
3420071;8;05/08/2017 10:15;Statale entro l'abitato;VIA CASILINA;in corrispondenza;;del civico n.;1892;;Scontro frontale/laterale DX fra veicoli in marcia;Rettilineo;Una carreggiata a doppio senso;Asciutto;Asfaltata;Verticale ed orizzontale;Sereno;Normale;Buona;Ore Diurne;1;0;0;2;12,69202;41,86381;-1;1;Autovettura privata;In marcia / fermata / arresto;Passeggero;F;Rimandato;0;NON DECEDUTO;Non accertato;Inesploso
3420071;8;05/08/2017 10:15;Statale entro l'abitato;VIA CASILINA;in corrispondenza;;del civico n.;1892;;Scontro frontale/laterale DX fra veicoli in marcia;Rettilineo;Una carreggiata a doppio senso;Asciutto;Asfaltata;Verticale ed orizzontale;Sereno;Normale;Buona;Ore Diurne;1;0;0;2;12,69202;41,86381;-1;2;Autovettura privata;In marcia / fermata / arresto;Conducente;M;Illeso;0;;Non accertato;Inesploso
3420082;8;05/08/2017 15:40;Strada Urbana;VIA ARZACHENA;all'intersezione con;VIA POZZOMAGGIORE;VIA POZZOMAGGIORE;;;Scontro frontale/laterale DX fra veicoli in marcia;Incrocio;Una carreggiata a doppio senso;Asciutto;Asfaltata;Assente;Sereno;Scarso;Buona;Ore Diurne;0;0;0;2;12,69822;41,87827;-1;1;Autovettura privata;In marcia / fermata / arresto;Conducente;F;Illeso;0;;Non accertato;Inesploso
3420082;8;05/08/2017 15:40;Strada Urbana;VIA ARZACHENA;all'intersezione con;VIA POZZOMAGGIORE;VIA POZZOMAGGIORE;;;Scontro frontale/laterale DX fra veicoli in marcia;Incrocio;Una carreggiata a doppio senso;Asciutto;Asfaltata;Assente;Sereno;Scarso;Buona;Ore Diurne;0;0;0;2;12,69822;41,87827;-1;2;Autovettura privata;In marcia / fermata / arresto;Conducente;M;Illeso;0;;Non accertato;Inesistente