Protocollo;Gruppo;DataOraIncidente;Localizzazione1;STRADA1;Localizzazione2;STRADA2;Strada02;Chilometrica;DaSpecificare;NaturaIncidente;particolaritastrade;TipoStrada;FondoStradale;Pavimentazione;Segnaletica;CondizioneAtmosferica;Traffico;Visibilita;Illuminazione;NUM_FERITI;NUM_RISERVATA;NUM_MORTI;NUM_ILLESI;Longitudine;Latitudine;Confermato;Progressivo;TipoVeicolo;StatoVeicolo;TipoPersona;Sesso;Tipolesione;Deceduto;DecedutoDopo;CinturaCascoUtilizzato;Airbag
3430790;2;18/08/2017 15:00;Strada Urbana;VIA SALARIA;da specificare;;;;sotto cavalcavia CIRC.NE SALARIA - dir. centro;Veicolo in marcia contro veicolo in sosta;Rettilineo;Una carreggiata a senso unico di marcia;Asciutto;Asfaltata;Orizzontale;Sereno;Scarso;Buona;Ore Diurne;1;0;0;1;12,51164;41,98766;-1;1;Autovettura privata;In marcia / fermata / arresto;Conducente;M;Rifiuta cure immediate;0;NON DECEDUTO;Non accertato;Esploso
3430790;2;18/08/2017 15:00;Strada Urbana;VIA SALARIA;da specificare;;;;sotto cavalcavia CIRC.NE SALARIA - dir. centro;Veicolo in marcia contro veicolo in sosta;Rettilineo;Una carreggiata a senso unico di marcia;Asciutto;Asfaltata;Orizzontale;Sereno;Scarso;Buona;Ore Diurne;1;0;0;1;12,51164;41,98766;-1;2;Autobus turistico;Sosta;Passeggero;M;Illeso;0;;Non accertato;Inesploso
3430838;10;19/08/2017 13:00;Strada Urbana;VIA DELLA MARRANELLA DI MARINO;in prossimità;;del civico n.;78;;Veicolo in marcia contro veicolo in sosta;Rettilineo;Una carreggiata a senso unico di marcia;Asciutto;Asfaltata;Verticale ed orizzontale;Sereno;Scarso;Buona;Ore Diurne;0;0;0;1;12,60328;41,81017;-1;2;Autovettura privata;In marcia / fermata / arresto;Conducente;F;Illeso;0;;Non accertato;Inesploso
3430852;2;18/08/2017 15:40;Strada Urbana;VIALE MARESCIALLO PILSUDSKI;all'intersezione con;VIA GUIDUBALDO DEL MONTE;VIA GUIDUBALDO DEL MONTE;;;Scontro laterale fra veicoli in marcia;Incrocio;Una carreggiata a doppio senso;Asciutto;Asfaltata;Verticale;Sereno;Scarso;Buona;Ore Diurne;0;0;0;3;12,47795;41,92852;-1;1;Motociclo a solo;In marcia / fermata / arresto;Conducente;M;Illeso;0;;Non accertato;
3430852;2;18/08/2017 15:40;Strada Urbana;VIALE MARESCIALLO PILSUDSKI;all'intersezione con;VIA GUIDUBALDO DEL MONTE;VIA GUIDUBALDO DEL MONTE;;;Scontro laterale fra veicoli in marcia;Incrocio;Una carreggiata a doppio senso;Asciutto;Asfaltata;Verticale;Sereno;Scarso;Buona;Ore Diurne;0;0;0;3;12,47795;41,92852;-1;2;Autovettura privata;In marcia / fermata / arresto;Conducente;M;Illeso;0;;Non accertato;Inesploso
3430852;2;18/08/2017 15:40;Strada Urbana;VIALE MARESCIALLO PILSUDSKI;all'intersezione con;VIA GUIDUBALDO DEL MONTE;VIA GUIDUBALDO DEL MONTE;;;Scontro laterale fra veicoli in marcia;Incrocio;Una carreggiata a doppio senso;Asciutto;Asfaltata;Verticale;Sereno;Scarso;Buona;Ore Diurne;0;0;0;3;12,47795;41,92852;-1;2;Autovettura privata;In marcia / fermata / arresto;Passeggero;M;Illeso;0;;Non accertato;Inesploso
3431057;18;20/08/2017 13:30;Strada Urbana;VIA AURELIA;all'intersezione con;VIA PAOLO BENTIVOGLIO;VIA PAOLO BENTIVOGLIO;;;Scontro laterale fra veicoli in marcia;Incrocio;Una carreggiata a doppio senso;Asciutto;Asfaltata;Orizzontale;Sereno;Scarso;Buona;Ore Diurne;2;0;0;1;12,44087;41,89855;-1;1;Autovettura privata;In marcia / fermata / arresto;Conducente;F;Illeso;0;;;
3431057;18;20/08/2017 13:30;Strada Urbana;VIA AURELIA;all'intersezione con;VIA PAOLO BENTIVOGLIO;VIA PAOLO BENTIVOGLIO;;;Scontro laterale fra veicoli in marcia;Incrocio;Una carreggiata a doppio senso;Asciutto;Asfaltata;Orizzontale;Sereno;Scarso;Buona;Ore Diurne;2;0;0;1;12,44087;41,89855;-1;2;Motociclo con passeggero;In marcia / fermata / arresto;Conducente;M;Rimandato;0;NON DECEDUTO;;
3431057;18;20/08/2017 13:30;Strada Urbana;VIA AURELIA;all'intersezione con;VIA PAOLO BENTIVOGLIO;VIA PAOLO BENTIVOGLIO;;;Scontro laterale fra veicoli in marcia;Incrocio;Una carreggiata a doppio senso;Asciutto;Asfaltata;Orizzontale;Sereno;Scarso;Buona;Ore Diurne;2;0;0;1;12,44087;41,89855;-1;2;Motociclo con passeggero;In marcia / fermata / arresto;Passeggero;F;Rimandato;0;NON DECEDUTO;;
3431153;17;20/08/2017 17:00;Strada Urbana;VIA RUGGERO DI LAURIA;all'intersezione con;VIA FRANCESCO CARACCIOLO;VIA FRANCESCO CARACCIOLO;;;Scontro frontale/laterale DX fra veicoli in marcia;Intersezione stradale segnalata;Una carreggiata a senso unico di marcia;Asciutto;Asfaltata;Verticale ed orizzontale;Sereno;Scarso;Buona;Ore Diurne;0;0;0;4;12,45045;41,90836;-1;1;Autovettura privata;In marcia / fermata / arresto;Conducente;M;Illeso;0;;Non accertato;Inesploso
3431153;17;20/08/2017 17:00;Strada Urbana;VIA RUGGERO DI LAURIA;all'intersezione con;VIA FRANCESCO CARACCIOLO;VIA FRANCESCO CARACCIOLO;;;Scontro frontale/laterale DX fra veicoli in marcia;Intersezione stradale segnalata;Una carreggiata a senso unico di marcia;Asciutto;Asfaltata;Verticale ed orizzontale;Sereno;Scarso;Buona;Ore Diurne;0;0;0;4;12,45045;41,90836;-1;1;Autovettura privata;In marcia / fermata / arresto;Passeggero;F;Illeso;0;;Non accertato;Esploso
3431153;17;20/08/2017 17:00;Strada Urbana;VIA RUGGERO DI LAURIA;all'intersezione con;VIA FRANCESCO CARACCIOLO;VIA FRANCESCO CARACCIOLO;;;Scontro frontale/laterale DX fra veicoli in marcia;Intersezione stradale segnalata;Una carreggiata a senso unico di marcia;Asciutto;Asfaltata;Verticale ed orizzontale;Sereno;Scarso;Buona;Ore Diurne;0;0;0;4;12,45045;41,90836;-1;2;Autovettura privata;In marcia / fermata / arresto;Conducente;M;Illeso;0;;;Inesploso
3431153;17;20/08/2017 17:00;Strada Urbana;VIA RUGGERO DI LAURIA;all'intersezione con;VIA FRANCESCO CARACCIOLO;VIA FRANCESCO CARACCIOLO;;;Scontro frontale/laterale DX fra veicoli in marcia;Intersezione stradale segnalata;Una carreggiata a senso unico di marcia;Asciutto;Asfaltata;Verticale ed orizzontale;Sereno;Scarso;Buona;Ore Diurne;0;0;0;4;12,45045;41,90836;-1;2;Autovettura privata;In marcia / fermata / arresto;Passeggero;F;Illeso;0;;Non accertato;Inesploso
3431304;9;18/08/2017 21:50;Strada Urbana;VIA BRITANNIA;in corrispondenza;;del civico n.;42;;Scontro frontale/laterale SX fra veicoli in marcia;Rettilineo;Una carreggiata a doppio senso;Asciutto;Asfaltata;Verticale ed orizzontale;Sereno;Scarso;Buona;Ore Diurne;0;0;0;2;12,50827;41,87907;-1;1;Autovettura privata;In marcia / fermata / arresto;Conducente;M;Illeso;0;;Non accertato;Inesploso
3431304;9;18/08/2017 21:50;Strada Urbana;VIA BRITANNIA;in corrispondenza;;del civico n.;42;;Scontro frontale/laterale SX fra veicoli in marcia;Rettilineo;Una carreggiata a doppio senso;Asciutto;Asfaltata;Verticale ed orizzontale;Sereno;Scarso;Buona;Ore Diurne;0;0;0;2;12,50827;41,87907;-1;2;Motociclo a solo;In marcia / fermata / arresto;Conducente;M;Illeso;0;;Non accertato;
3431309;9;19/08/2017 11:00;;VIALE FURIO CAMILLO;in prossimità;;del civico n.;39;;Veicolo in marcia contro veicolo in sosta;;;;;;;;;;0;0;0;1;;;0;2;Autovettura privata;Sosta;Conducente;M;Illeso;0;;;
3431311;15;20/08/2017 08:40;Strada Urbana;VIA GIANNETTO VALLI;da specificare;;;;fronte civico  95;Veicolo in marcia contro veicoli in sosta;Curva a visuale libera;Una carreggiata a doppio senso;Asciutto;Asfaltata;Verticale ed orizzontale;Sereno;Scarso;Buona;Ore Diurne;0;0;0;1;12,45417;41,85577;-1;1;Autovettura privata;In marcia / fermata / arresto;Conducente;M;Illeso;0;;Utilizzato;
3431316;9;18/08/2017 16:30;Strada Urbana;VIA APPIA NUOVA;da specificare;;;;fronte civico 110;Scontro laterale fra veicoli in marcia;Rettilineo;Due carreggiate;Asciutto;Asfaltata;Verticale ed orizzontale;Sereno;Scarso;Buona;Ore Diurne;1;0;0;5;12,51206;41,88325;-1;1;Autovettura privata;In marcia / fermata / arresto;Conducente;M;Illeso;0;;Non accertato;Inesploso
3431316;9;18/08/2017 16:30;Strada Urbana;VIA APPIA NUOVA;da specificare;;;;fronte civico 110;Scontro laterale fra veicoli in marcia;Rettilineo;Due carreggiate;Asciutto;Asfaltata;Verticale ed orizzontale;Sereno;Scarso;Buona;Ore Diurne;1;0;0;5;12,51206;41,88325;-1;1;Autovettura privata;In marcia / fermata / arresto;Passeggero;F;Illeso;0;;Non accertato;Inesploso
3431316;9;18/08/2017 16:30;Strada Urbana;VIA APPIA NUOVA;da specificare;;;;fronte civico 110;Scontro laterale fra veicoli in marcia;Rettilineo;Due carreggiate;Asciutto;Asfaltata;Verticale ed orizzontale;Sereno;Scarso;Buona;Ore Diurne;1;0;0;5;12,51206;41,88325;-1;1;Autovettura privata;In marcia / fermata / arresto;Passeggero;M;Illeso;0;;Non accertato;Inesploso
3431316;9;18/08/2017 16:30;Strada Urbana;VIA APPIA NUOVA;da specificare;;;;fronte civico 110;Scontro laterale fra veicoli in marcia;Rettilineo;Due carreggiate;Asciutto;Asfaltata;Verticale ed orizzontale;Sereno;Scarso;Buona;Ore Diurne;1;0;0;5;12,51206;41,88325;-1;1;Autovettura privata;In marcia / fermata / arresto;Passeggero;M;Illeso;0;;Non accertato;Inesploso
3431316;9;18/08/2017 16:30;Strada Urbana;VIA APPIA NUOVA;da specificare;;;;fronte civico 110;Scontro laterale fra veicoli in marcia;Rettilineo;Due carreggiate;Asciutto;Asfaltata;Verticale ed orizzontale;Sereno;Scarso;Buona;Ore Diurne;1;0;0;5;12,51206;41,88325;-1;1;Autovettura privata;In marcia / fermata / arresto;Passeggero;F;Illeso;0;;Non accertato;Inesploso
3431316;9;18/08/2017 16:30;Strada Urbana;VIA APPIA NUOVA;da specificare;;;;fronte civico 110;Scontro laterale fra veicoli in marcia;Rettilineo;Due carreggiate;Asciutto;Asfaltata;Verticale ed orizzontale;Sereno;Scarso;Buona;Ore Diurne;1;0;0;5;12,51206;41,88325;-1;2;Motociclo a solo;In marcia / fermata / arresto;Conducente;M;Rimandato;0;NON DECEDUTO;Non accertato;
3431317;5;18/08/2017 11:05;Strada Urbana;VIA DEL CASALE DI S. BASILIO;da specificare;;;;civico 168 area parcheggio adiacente supermercato;Investimento di pedone;Rettilineo;Una carreggiata a doppio senso;Asciutto;Asfaltata;Orizzontale;Sereno;Normale;Buona;Ore Diurne;1;0;0;1;12,58022;41,93741;-1;;;;Pedone;F;Ricoverato;0;NON DECEDUTO;;
3431317;5;18/08/2017 11:05;Strada Urbana;VIA DEL CASALE DI S. BASILIO;da specificare;;;;civico 168 area parcheggio adiacente supermercato;Investimento di pedone;Rettilineo;Una carreggiata a doppio senso;Asciutto;Asfaltata;Orizzontale;Sereno;Normale;Buona;Ore Diurne;1;0;0;1;12,58022;41,93741;-1;1;Autovettura privata;In marcia / fermata / arresto;Conducente;F;Illeso;0;;Non accertato;Inesploso
3431320;13;20/08/2017 11:00;Strada Urbana;VIA LIDO DI CASTEL PORZIANO;all'intersezione con;VIALE DI CASTEL PORZIANO;VIALE DI CASTEL PORZIANO;;;Tamponamento;Incrocio;Una carreggiata a doppio senso;Asciutto;Asfaltata;Verticale ed orizzontale;Sereno;Normale;Buona;Ore Diurne;0;0;0;2;12,35069;41,71813;-1;1;Autovettura privata;In marcia / fermata / arresto;Conducente;M;Illeso;0;;Non accertato;Inesploso
3431320;13;20/08/2017 11:00;Strada Urbana;VIA LIDO DI CASTEL PORZIANO;all'intersezione con;VIALE DI CASTEL PORZIANO;VIALE DI CASTEL PORZIANO;;;Tamponamento;Incrocio;Una carreggiata a doppio senso;Asciutto;Asfaltata;Verticale ed orizzontale;Sereno;Normale;Buona;Ore Diurne;0;0;0;2;12,35069;41,71813;-1;2;Autocarro inferiore 35 q.;In marcia / fermata / arresto;Conducente;F;Illeso;0;;Non accertato;Inesploso
3431321;5;18/08/2017 18:20;Strada Urbana;VIA TIBURTINA;da specificare;;;;alt. Ponte di Portonaccio;Scontro laterale fra veicoli in marcia;Rettilineo;Due carreggiate;Asciutto;Asfaltata;Orizzontale;Sereno;Normale;Buona;Ore Diurne;0;0;0;3;12,5339;41,90817;-1;1;Autovettura pubblica;In marcia / fermata / arresto;Conducente;M;Illeso;0;;Non accertato;Inesploso
3431321;5;18/08/2017 18:20;Strada Urbana;VIA TIBURTINA;da specificare;;;;alt. Ponte di Portonaccio;Scontro laterale fra veicoli in marcia;Rettilineo;Due carreggiate;Asciutto;Asfaltata;Orizzontale;Sereno;Normale;Buona;Ore Diurne;0;0;0;3;12,5339;41,90817;-1;2;Motociclo con passeggero;In marcia / fermata / arresto;Conducente;M;Illeso;0;;Non accertato;
3431321;5;18/08/2017 18:20;Strada Urbana;VIA TIBURTINA;da specificare;;;;alt. Ponte di Portonaccio;Scontro laterale fra veicoli in marcia;Rettilineo;Due carreggiate;Asciutto;Asfaltata;Orizzontale;Sereno;Normale;Buona;Ore Diurne;0;0;0;3;12,5339;41,90817;-1;2;Motociclo con passeggero;In marcia / fermata / arresto;Passeggero;F;Illeso;0;;Non accertato;
3431323;15;20/08/2017 17:00;Strada Urbana;VIALE GUGLIELMO MARCONI;in corrispondenza;;del civico n.;202;;Veicolo in marcia contro ostacolo accidentale;Rettilineo;Due carreggiate;Asciutto;Asfaltata;Orizzontale;Sereno;Scarso;Buona;Ore Diurne;0;0;0;1;12,46874;41,86521;-1;1;Autovettura privata;In marcia / fermata / arresto;Conducente;F;Illeso;0;;Utilizzato;
3431324;20;20/08/2017 14:20;Strada Urbana;GALLERIA GIOVANNI XXIII;da specificare;;;;uscita Via FANI;Infortunio per caduta del veicolo;Rettilineo;Una carreggiata a senso unico di marcia;Asciutto;Asfaltata;Verticale ed orizzontale;Sereno;Scarso;Insufficiente;Ore Diurne;0;0;0;1;12,44128;41,94052;-1;1;Motociclo a solo;In marcia / fermata / arresto;Conducente;M;Illeso;0;;Non accertato;
3431328;5;18/08/2017 20:20;Strada Urbana;VIA TIBURTINA;all'intersezione con;VIA FILIPPO FIORENTINI;VIA FILIPPO FIORENTINI;;;Tamponamento;Intersezione regolata dal vigile;Due carreggiate;Asciutto;Asfaltata;Verticale ed orizzontale;Sereno;Scarso;Sufficiente;Sufficiente;1;0;0;1;12,55346;41,91198;-1;1;Autovettura privata;In marcia / fermata / arresto;Conducente;M;Illeso;0;;Non accertato;Inesploso
3431328;5;18/08/2017 20:20;Strada Urbana;VIA TIBURTINA;all'intersezione con;VIA FILIPPO FIORENTINI;VIA FILIPPO FIORENTINI;;;Tamponamento;Intersezione regolata dal vigile;Due carreggiate;Asciutto;Asfaltata;Verticale ed orizzontale;Sereno;Scarso;Sufficiente;Sufficiente;1;0;0;1;12,55346;41,91198;-1;2;Motociclo a solo;In marcia / fermata / arresto;Conducente;M;Rimandato;0;NON DECEDUTO;Non accertato;
3431329;1;19/08/2017 15:20;Strada Urbana;VIA FILIPPO TURATI;in prossimità;;del civico n.;129;;Scontro laterale fra veicoli in marcia;Rettilineo;Una carreggiata a senso unico di marcia;Asciutto;Asfaltata;Verticale ed orizzontale;Sereno;Scarso;Buona;Ore Diurne;0;0;0;2;12,50458;41,89732;-1;1;Autovettura privata;In marcia / fermata / arresto;Conducente;M;Illeso;0;;;
3431329;1;19/08/2017 15:20;Strada Urbana;VIA FILIPPO TURATI;in prossimità;;del civico n.;129;;Scontro laterale fra veicoli in marcia;Rettilineo;Una carreggiata a senso unico di marcia;Asciutto;Asfaltata;Verticale ed orizzontale;Sereno;Scarso;Buona;Ore Diurne;0;0;0;2;12,50458;41,89732;-1;2;Autovettura privata;In marcia / fermata / arresto;Conducente;F;Illeso;0;;;
3431331;10;21/08/2017 07:20;Strada Urbana;VIALE PALMIRO TOGLIATTI;all'intersezione con;VIA GIUSEPPE CHIOVENDA;VIA GIUSEPPE CHIOVENDA;;;Investimento di pedone;Intersezione semaforizzata;Due carreggiate;Asciutto;Asfaltata;Verticale ed orizzontale;Sereno;Normale;Sufficiente;Ore Diurne;1;0;0;1;12,5706;41,85922;-1;;;;Pedone;M;Rimandato;0;NON DECEDUTO;;
3431331;10;21/08/2017 07:20;Strada Urbana;VIALE PALMIRO TOGLIATTI;all'intersezione con;VIA GIUSEPPE CHIOVENDA;VIA GIUSEPPE CHIOVENDA;;;Investimento di pedone;Intersezione semaforizzata;Due carreggiate;Asciutto;Asfaltata;Verticale ed orizzontale;Sereno;Normale;Sufficiente;Ore Diurne;1;0;0;1;12,5706;41,85922;-1;1;Autovettura privata;In marcia / fermata / arresto;Conducente;M;Illeso;0;;Non accertato;Inesploso
3431332;5;19/08/2017 15:30;Strada Urbana;VIA DEI CRISPOLTI;in corrispondenza;;del civico n.;16;;Veicolo in marcia contro ostacolo fisso;Rettilineo;Due carreggiate;Asciutto;Asfaltata;Verticale ed orizzontale;Sereno;Scarso;Buona;Ore Diurne;0;0;0;1;12,54811;41,90843;-1;1;Autovettura privata;In marcia / fermata / arresto;Conducente;M;Illeso;0;;Non accertato;Inesploso
3431341;19;18/08/2017 12:00;Strada Urbana;VIA PIETRO BEMBO;all'intersezione con;VIA PASQUALE II;VIA PASQUALE II;;;Scontro laterale fra veicoli in marcia;Incrocio;Una carreggiata a doppio senso;Asciutto;Asfaltata;Verticale ed orizzontale;Sereno;Scarso;Buona;Ore Diurne;1;0;0;3;12,4109;41,91185;-1;1;Autovettura privata;In marcia / fermata / arresto;Conducente;M;Rifiuta cure immediate;0;NON DECEDUTO;Non accertato;Inesploso
3431341;19;18/08/2017 12:00;Strada Urbana;VIA PIETRO BEMBO;all'intersezione con;VIA PASQUALE II;VIA PASQUALE II;;;Scontro laterale fra veicoli in marcia;Incrocio;Una carreggiata a doppio senso;Asciutto;Asfaltata;Verticale ed orizzontale;Sereno;Scarso;Buona;Ore Diurne;1;0;0;3;12,4109;41,91185;-1;2;Autovettura privata;In marcia / fermata / arresto;Conducente;M;Illeso;0;;Non accertato;Inesploso
3431341;19;18/08/2017 12:00;Strada Urbana;VIA PIETRO BEMBO;all'intersezione con;VIA PASQUALE II;VIA PASQUALE II;;;Scontro laterale fra veicoli in marcia;Incrocio;Una carreggiata a doppio senso;Asciutto;Asfaltata;Verticale ed orizzontale;Sereno;Scarso;Buona;Ore Diurne;1;0;0;3;12,4109;41,91185;-1;2;Autovettura privata;In marcia / fermata / arresto;Passeggero;M;Illeso;0;;Non accertato;Inesploso
3431341;19;18/08/2017 12:00;Strada Urbana;VIA PIETRO BEMBO;all'intersezione con;VIA PASQUALE II;VIA PASQUALE II;;;Scontro laterale fra veicoli in marcia;Incrocio;Una carreggiata a doppio senso;Asciutto;Asfaltata;Verticale ed orizzontale;Sereno;Scarso;Buona;Ore Diurne;1;0;0;3;12,4109;41,91185;-1;2;Autovettura privata;In marcia / fermata / arresto;Passeggero;F;Illeso;0;;Non accertato;Inesploso
3431350;18;20/08/2017 09:05;Strada Urbana;VIA GREGORIO VII;in prossimità;;del civico n.;462;;Scontro frontale/laterale DX fra veicoli in marcia;Rettilineo;Più di due carreggiate;Asciutto;Asfaltata;Verticale ed orizzontale;Sereno;Scarso;Buona;Ore Diurne;0;0;0;3;12,43283;41,89414;-1;1;Autobus urbano;In marcia / fermata / arresto;Conducente;M;Illeso;0;;Non accertato;Inesistente
3431350;18;20/08/2017 09:05;Strada Urbana;VIA GREGORIO VII;in prossimità;;del civico n.;462;;Scontro frontale/laterale DX fra veicoli in marcia;Rettilineo;Più di due carreggiate;Asciutto;Asfaltata;Verticale ed orizzontale;Sereno;Scarso;Buona;Ore Diurne;0;0;0;3;12,43283;41,89414;-1;2;Autovettura privata;In marcia / fermata / arresto;Conducente;F;Illeso;0;;Non accertato;Esploso
3431350;18;20/08/2017 09:05;Strada Urbana;VIA GREGORIO VII;in prossimità;;del civico n.;462;;Scontro frontale/laterale DX fra veicoli in marcia;Rettilineo;Più di due carreggiate;Asciutto;Asfaltata;Verticale ed orizzontale;Sereno;Scarso;Buona;Ore Diurne;0;0;0;3;12,43283;41,89414;-1;2;Autovettura privata;In marcia / fermata / arresto;Passeggero;F;Illeso;0;;;
3431357;1;20/08/2017 14:40;Strada Urbana;PIAZZA DI PORTA CAPENA;all'intersezione semaforizzata con;VIA DEI CERCHI;VIA DEI CERCHI;;;Scontro laterale fra veicoli in marcia;Intersezione semaforizzata;Più di due carreggiate;Asciutto;Asfaltata;Verticale ed orizzontale;Sereno;Scarso;Buona;Ore Diurne;1;0;0;6;12,48951;41,88423;-1;1;Autovettura privata;In marcia / fermata / arresto;Conducente;M;Illeso;0;;Non accertato;Inesploso
3431357;1;20/08/2017 14:40;Strada Urbana;PIAZZA DI PORTA CAPENA;all'intersezione semaforizzata con;VIA DEI CERCHI;VIA DEI CERCHI;;;Scontro laterale fra veicoli in marcia;Intersezione semaforizzata;Più di due carreggiate;Asciutto;Asfaltata;Verticale ed orizzontale;Sereno;Scarso;Buona;Ore Diurne;1;0;0;6;12,48951;41,88423;-1;1;Autovettura privata;In marcia / fermata / arresto;Passeggero;F;Illeso;0;;Non accertato;Inesploso
3431357;1;20/08/2017 14:40;Strada Urbana;PIAZZA DI PORTA CAPENA;all'intersezione semaforizzata con;VIA DEI CERCHI;VIA DEI CERCHI;;;Scontro laterale fra veicoli in marcia;Intersezione semaforizzata;Più di due carreggiate;Asciutto;Asfaltata;Verticale ed orizzontale;Sereno;Scarso;Buona;Ore Diurne;1;0;0;6;12,48951;41,88423;-1;1;Autovettura privata;In marcia / fermata / arresto;Passeggero;F;Illeso;0;;Non accertato;Inesploso
3431357;1;20/08/2017 14:40;Strada Urbana;PIAZZA DI PORTA CAPENA;all'intersezione semaforizzata con;VIA DEI CERCHI;VIA DEI CERCHI;;;Scontro laterale fra veicoli in marcia;Intersezione semaforizzata;Più di due carreggiate;Asciutto;Asfaltata;Verticale ed orizzontale;Sereno;Scarso;Buona;Ore Diurne;1;0;0;6;12,48951;41,88423;-1;1;Autovettura privata;In marcia / fermata / arresto;Passeggero;M;Illeso;0;;Non accertato;Inesploso
3431357;1;20/08/2017 14:40;Strada Urbana;PIAZZA DI PORTA CAPENA;all'intersezione semaforizzata con;VIA DEI CERCHI;VIA DEI CERCHI;;;Scontro laterale fra veicoli in marcia;Intersezione semaforizzata;Più di due carreggiate;Asciutto;Asfaltata;Verticale ed orizzontale;Sereno;Scarso;Buona;Ore Diurne;1;0;0;6;12,48951;41,88423;-1;2;Autovettura privata;In marcia / fermata / arresto;Conducente;M;Illeso;0;;Non accertato;Inesploso
3431357;1;20/08/2017 14:40;Strada Urbana;PIAZZA DI PORTA CAPENA;all'intersezione semaforizzata con;VIA DEI CERCHI;VIA DEI CERCHI;;;Scontro laterale fra veicoli in marcia;Intersezione semaforizzata;Più di due carreggiate;Asciutto;Asfaltata;Verticale ed orizzontale;Sereno;Scarso;Buona;Ore Diurne;1;0;0;6;12,48951;41,88423;-1;2;Autovettura privata;In marcia / fermata / arresto;Passeggero;F;Illeso;0;;Non accertato;Inesploso
3431357;1;20/08/2017 14:40;Strada Urbana;PIAZZA DI PORTA CAPENA;all'intersezione semaforizzata con;VIA DEI CERCHI;VIA DEI CERCHI;;;Scontro laterale fra veicoli in marcia;Intersezione semaforizzata;Più di due carreggiate;Asciutto;Asfaltata;Verticale ed orizzontale;Sereno;Scarso;Buona;Ore Diurne;1;0;0;6;12,48951;41,88423;-1;3;Motociclo a solo;In marcia / fermata / arresto;Conducente;M;Rimandato;0;NON DECEDUTO;Non accertato;
3431362;7;20/08/2017 12:30;Strada Urbana;VIA LOCOROTONDO;all'intersezione con;VIA MOLFETTA;VIA MOLFETTA;;;Scontro laterale fra veicoli in marcia;Incrocio;Una carreggiata a doppio senso;Asciutto;Asfaltata;Assente;Sereno;Scarso;Buona;Ore Diurne;0;0;0;4;12,57751;41,89001;-1;1;Autovettura privata;In marcia / fermata / arresto;Conducente;F;Illeso;0;;Non accertato;Inesploso
3431362;7;20/08/2017 12:30;Strada Urbana;VIA LOCOROTONDO;all'intersezione con;VIA MOLFETTA;VIA MOLFETTA;;;Scontro laterale fra veicoli in marcia;Incrocio;Una carreggiata a doppio senso;Asciutto;Asfaltata;Assente;Sereno;Scarso;Buona;Ore Diurne;0;0;0;4;12,57751;41,89001;-1;1;Autovettura privata;In marcia / fermata / arresto;Passeggero;F;Illeso;0;;Non accertato;Inesploso
3431362;7;20/08/2017 12:30;Strada Urbana;VIA LOCOROTONDO;all'intersezione con;VIA MOLFETTA;VIA MOLFETTA;;;Scontro laterale fra veicoli in marcia;Incrocio;Una carreggiata a doppio senso;Asciutto;Asfaltata;Assente;Sereno;Scarso;Buona;Ore Diurne;0;0;0;4;12,57751;41,89001;-1;2;Autovettura privata;In marcia / fermata / arresto;Conducente;M;Illeso;0;;Non accertato;Inesploso
3431362;7;20/08/2017 12:30;Strada Urbana;VIA LOCOROTONDO;all'intersezione con;VIA MOLFETTA;VIA MOLFETTA;;;Scontro laterale fra veicoli in marcia;Incrocio;Una carreggiata a doppio senso;Asciutto;Asfaltata;Assente;Sereno;Scarso;Buona;Ore Diurne;0;0;0;4;12,57751;41,89001;-1;2;Autovettura privata;In marcia / fermata / arresto;Passeggero;F;Illeso;0;;Non accertato;Inesploso
3431368;6;20/08/2017 01:00;Strada Urbana;VIA MARCIANISE;all'intersezione con;VIA AQUILONIA;VIA AQUILONIA;;;Scontro laterale fra veicoli in marcia;Incrocio;Una carreggiata a doppio senso;Asciutto;Asfaltata;Verticale ed orizzontale;Sereno;Scarso;Sufficiente;Sufficiente;0;0;0;2;12,54995;41,89113;-1;1;Motociclo a solo;In marcia / fermata / arresto;Conducente;M;Illeso;0;;;
3431368;6;20/08/2017 01:00;Strada Urbana;VIA MARCIANISE;all'intersezione con;VIA AQUILONIA;VIA AQUILONIA;;;Scontro laterale fra veicoli in marcia;Incrocio;Una carreggiata a doppio senso;Asciutto;Asfaltata;Verticale ed orizzontale;Sereno;Scarso;Sufficiente;Sufficiente;0;0;0;2;12,54995;41,89113;-1;2;Autovettura privata;In marcia / fermata / arresto;Conducente;M;Illeso;0;;;
3431378;19;19/08/2017 13:15;Strada Urbana;VIA PASQUALE II;all'intersezione con;VIA PIETRO BEMBO;VIA PIETRO BEMBO;;;Tamponamento;Incrocio;Una carreggiata a doppio senso;Asciutto;Asfaltata;Verticale ed orizzontale;Sereno;Scarso;Buona;Ore Diurne;2;0;0;2;12,41087;41,91182;-1;1;Autovettura privata;In marcia / fermata / arresto;Conducente;F;Illeso;0;;Non accertato;Inesploso
3431378;19;19/08/2017 13:15;Strada Urbana;VIA PASQUALE II;all'intersezione con;VIA PIETRO BEMBO;VIA PIETRO BEMBO;;;Tamponamento;Incrocio;Una carreggiata a doppio senso;Asciutto;Asfaltata;Verticale ed orizzontale;Sereno;Scarso;Buona;Ore Diurne;2;0;0;2;12,41087;41,91182;-1;1;Autovettura privata;In marcia / fermata / arresto;Passeggero;F;Illeso;0;;Non accertato;Inesploso